time,seconds_elapsed,z,y,x
1760565906248623000,0.103623046875,16.948707580566406,113.78167724609375,-134.01991271972656
1760565906258652200,0.113652099609375,14.977005004882812,114.05487060546875,-134.92726135253906
1760565906268681000,0.123680908203125,9.286102294921875,116.14456176757812,-139.28819274902344
1760565906278710000,0.1337099609375,4.600929260253906,119.15867614746094,-144.6019744873047
1760565906288739300,0.1437392578125,-1.37939453125,124.17901611328125,-151.1365203857422
1760565906298768100,0.15376806640625,-10.02886962890625,132.21885681152344,-158.92567443847656
1760565906308797200,0.163797119140625,-22.219650268554688,143.09280395507812,-166.36306762695312
1760565906318826200,0.173826171875,-38.53936767578125,157.5027618408203,-171.75840759277344
1760565906328854800,0.183854736328125,-57.74102783203125,172.9370574951172,-171.38876342773438
1760565906338883800,0.1938837890625,-76.89930725097656,184.85609436035156,-161.1501007080078
1760565906348912600,0.20391259765625,-89.57089233398438,187.58258056640625,-140.33995056152344
1760565906358941700,0.213941650390625,-89.37979125976562,180.38369750976562,-113.41860961914062
1760565906368970800,0.223970703125,-78.13894653320312,167.75692749023438,-88.19403076171875
1760565906378999800,0.233999755859375,-62.25611877441406,155.46792602539062,-68.79475402832031
1760565906389028900,0.24402880859375,-50.65321350097656,145.45816040039062,-55.27061462402344
1760565906399056600,0.254056640625,-43.73500061035156,135.4877471923828,-44.57646942138672
1760565906409085700,0.264085693359375,-40.17041015625,123.86929321289062,-35.81610870361328
1760565906419114800,0.27411474609375,-36.963226318359375,111.13638305664062,-29.656513214111328
1760565906429143800,0.284143798828125,-32.783935546875,98.58253479003906,-25.452926635742188
1760565906439172900,0.2941728515625,-28.12982177734375,87.45562744140625,-23.79358673095703
1760565906449202000,0.304201904296875,-24.619354248046875,78.31269836425781,-23.6441650390625
1760565906459231000,0.31423095703125,-20.778793334960938,71.0736083984375,-25.112178802490234
1760565906469259800,0.324259765625,-18.088516235351562,65.402099609375,-26.759098052978516
1760565906479288800,0.334288818359375,-16.023391723632812,61.19442367553711,-28.807086944580078
1760565906489318000,0.34431787109375,-14.648681640625,57.85681915283203,-30.725482940673828
1760565906499346700,0.3543466796875,-13.960617065429688,55.630043029785156,-32.41192626953125
1760565906509375700,0.364375732421875,-13.866897583007812,53.90452575683594,-33.947479248046875
1760565906519404800,0.37440478515625,-13.444183349609375,52.307411193847656,-35.18157958984375
1760565906529433600,0.38443359375,-14.124298095703125,51.09069061279297,-36.1728515625
1760565906539463000,0.394462890625,-13.6986083984375,50.14828872680664,-36.96751403808594
1760565906549492000,0.404491943359375,-14.342681884765625,48.82073974609375,-37.67530822753906
1760565906559520800,0.414520751953125,-14.56390380859375,48.304481506347656,-38.16710662841797
1760565906569549800,0.4245498046875,-14.59783935546875,47.588050842285156,-38.61156463623047
1760565906579579000,0.434578857421875,-14.621337890625,47.371070861816406,-39.416099548339844
1760565906589607700,0.444607666015625,-14.131988525390625,47.45148468017578,-40.326499938964844
1760565906599636700,0.45463671875,-14.10137939453125,47.600311279296875,-40.99756622314453
1760565906609665800,0.464665771484375,-13.5504150390625,47.95716857910156,-42.404273986816406
1760565906619694600,0.474694580078125,-12.753646850585938,48.377384185791016,-43.349876403808594
1760565906629724000,0.484723876953125,-12.2603759765625,48.96143341064453,-44.16515350341797
1760565906639751700,0.494751708984375,-11.306838989257812,49.692344665527344,-45.013694763183594
1760565906649780700,0.50478076171875,-10.235626220703125,50.66489028930664,-46.08612823486328
1760565906659809800,0.514809814453125,-8.8660888671875,51.575416564941406,-47.06841278076172
1760565906669838800,0.5248388671875,-7.5731658935546875,52.46284103393555,-48.24365234375
1760565906679867600,0.53486767578125,-6.020599365234375,53.41228485107422,-49.68611145019531
1760565906689896700,0.544896728515625,-4.8927001953125,54.918033599853516,-51.354400634765625
1760565906699926000,0.554926025390625,-3.5823974609375,56.467185974121094,-52.99816131591797
1760565906709954800,0.564954833984375,-2.039764404296875,58.074607849121094,-55.19664764404297
1760565906719983900,0.57498388671875,-0.331329345703125,60.202308654785156,-57.455108642578125
1760565906730013000,0.585012939453125,1.52783203125,62.59409713745117,-59.933868408203125
1760565906740041700,0.595041748046875,3.0835418701171875,65.57801055908203,-62.25438690185547
1760565906750070800,0.60507080078125,5.585838317871094,68.49821472167969,-64.73391723632812
1760565906760099800,0.615099853515625,8.17291259765625,71.66789245605469,-66.82542419433594
1760565906770128600,0.625128662109375,11.087745666503906,74.9841079711914,-68.65999603271484
1760565906780157700,0.63515771484375,14.062911987304688,78.33173370361328,-70.14851379394531
1760565906790187000,0.64518701171875,16.797348022460938,81.40998840332031,-70.89287567138672
1760565906800215800,0.6552158203125,19.172348022460938,84.40806579589844,-71.81893157958984
1760565906810244900,0.665244873046875,21.829635620117188,87.13362884521484,-71.55548095703125
1760565906820274000,0.67527392578125,24.342506408691406,89.32664489746094,-70.806884765625
1760565906830302700,0.685302734375,26.202987670898438,90.83464050292969,-69.69502258300781
1760565906840331800,0.695331787109375,28.23839569091797,92.20730590820312,-68.28028869628906
1760565906850360800,0.70536083984375,29.908462524414062,92.87342834472656,-66.90933990478516
1760565906860389600,0.7153896484375,31.668655395507812,93.35506439208984,-64.90614318847656
1760565906870418000,0.72541796875,32.894554138183594,93.19170379638672,-62.98344421386719
1760565906880446700,0.73544677734375,34.90704345703125,93.27918243408203,-61.33293151855469
1760565906890475800,0.745475830078125,36.125144958496094,92.83393859863281,-59.540252685546875
1760565906900504800,0.7555048828125,37.71760559082031,92.2952880859375,-57.90392303466797
1760565906910534000,0.765533935546875,39.55248260498047,91.36714935302734,-56.61456298828125
1760565906920562700,0.775562744140625,41.9346923828125,90.78851318359375,-55.6019287109375
1760565906930591700,0.785591796875,44.681060791015625,89.87996673583984,-54.72868347167969
1760565906940620800,0.795620849609375,47.55811309814453,88.88935852050781,-53.86481475830078
1760565906950649900,0.80564990234375,50.393211364746094,87.78961944580078,-53.09912872314453
1760565906960679000,0.815678955078125,53.89227294921875,86.55931854248047,-52.38206481933594
1760565906970708000,0.8257080078125,57.48548889160156,85.33782958984375,-51.802276611328125
1760565906980736800,0.83573681640625,60.162109375,84.01339721679688,-51.354095458984375
1760565906990765800,0.845765869140625,62.85772705078125,82.76087951660156,-50.51940155029297
1760565907000795000,0.855794921875,65.26856994628906,81.30708312988281,-49.593467712402344
1760565907010823700,0.86582373046875,66.77423095703125,79.88499450683594,-49.13847351074219
1760565907020852700,0.875852783203125,68.32241821289062,78.83822631835938,-48.39033508300781
1760565907030881800,0.8858818359375,69.78924560546875,77.3807373046875,-47.623779296875
1760565907040910800,0.895910888671875,71.37451934814453,76.38609313964844,-46.882789611816406
1760565907050940000,0.90593994140625,72.41203308105469,75.5050048828125,-45.88792419433594
1760565907060969000,0.915968994140625,74.2181167602539,74.27655029296875,-45.03321075439453
1760565907070997800,0.925997802734375,75.81536865234375,73.13824462890625,-43.90837860107422
1760565907081026800,0.93602685546875,77.31076049804688,71.64822387695312,-43.17943572998047
1760565907091055900,0.946055908203125,78.25138092041016,70.24065399169922,-42.28137969970703
1760565907101084700,0.956084716796875,79.22333526611328,69.37353515625,-41.26976013183594
1760565907111113700,0.96611376953125,79.49853515625,69.42730712890625,-41.213043212890625
1760565907121142800,0.976142822265625,79.20018005371094,70.57929992675781,-42.209381103515625
1760565907131171600,0.986171630859375,77.82252502441406,73.16128540039062,-44.050811767578125
1760565907141200000,0.996199951171875,76.59355926513672,75.89004516601562,-46.20366668701172
1760565907151229000,1.00622900390625,76.01786804199219,78.38389587402344,-48.17487335205078
1760565907161257700,1.0162578125,75.11967468261719,79.6622314453125,-49.65441131591797
1760565907171286800,1.026286865234375,76.7294692993164,78.88449096679688,-50.89723205566406
1760565907181315800,1.03631591796875,80.46440124511719,76.68235778808594,-51.800933837890625
1760565907191344600,1.0463447265625,85.69790649414062,73.19637298583984,-52.91698455810547
1760565907201373700,1.056373779296875,91.09385681152344,69.006103515625,-53.83283233642578
1760565907211403000,1.066403076171875,96.03409576416016,64.36614990234375,-54.82981872558594
1760565907221431800,1.076431884765625,100.63075256347656,59.61008834838867,-56.413246154785156
1760565907231460900,1.0864609375,105.40911865234375,53.80095291137695,-57.683204650878906
1760565907241490000,1.096489990234375,111.33152770996094,43.961551666259766,-59.545204162597656
1760565907251518700,1.106518798828125,118.07028198242188,32.09040832519531,-57.69609832763672
1760565907261547800,1.1165478515625,122.54134368896484,23.1112003326416,-55.96825408935547
1760565907271576800,1.126576904296875,125.38212585449219,17.91100311279297,-55.853248596191406
1760565907281605600,1.136605712890625,127.18122100830078,9.005352020263672,-56.65601348876953
1760565907291634700,1.146634765625,129.28778076171875,-11.414142608642578,-53.957664489746094
1760565907301664000,1.1566640625,129.65892028808594,-29.506336212158203,-49.913307189941406
1760565907311692800,1.16669287109375,131.01324462890625,-32.53934097290039,-50.07787322998047
1760565907321721900,1.176721923828125,132.05966186523438,-31.56229019165039,-49.339271545410156
1760565907331750700,1.186750732421875,133.1356658935547,-26.87820053100586,-49.425445556640625
1760565907341779500,1.196779541015625,133.57452392578125,-24.665775299072266,-49.682861328125
1760565907351808500,1.20680859375,133.4701690673828,-25.501834869384766,-49.82140350341797
1760565907361837600,1.216837646484375,133.73292541503906,-24.853214263916016,-49.76173400878906
1760565907371866400,1.226866455078125,133.5754852294922,-25.213176727294922,-49.7760009765625
1760565907381895400,1.2368955078125,133.41087341308594,-25.205097198486328,-49.66728973388672
1760565907391924700,1.2469248046875,133.54434204101562,-25.133953094482422,-49.587501525878906
1760565907401952500,1.256952392578125,133.71522521972656,-25.164363861083984,-49.58478546142578
1760565907411981600,1.266981689453125,133.61717224121094,-25.06961441040039,-49.67328643798828
1760565907422010400,1.27701025390625,133.5375213623047,-25.142780303955078,-49.855384826660156
1760565907432039400,1.287039306640625,133.62445068359375,-25.211994171142578,-49.663719177246094
1760565907442068500,1.297068359375,133.90322875976562,-25.29703140258789,-49.45386505126953
1760565907452097500,1.30709765625,133.8120880126953,-25.66995620727539,-49.263275146484375
1760565907462126600,1.317126708984375,133.8929901123047,-25.797809600830078,-48.966522216796875
1760565907472155600,1.32715576171875,134.6082763671875,-25.95718765258789,-48.76103210449219
1760565907482184700,1.337184814453125,134.77474975585938,-26.249317169189453,-48.48670196533203
1760565907492213500,1.347213623046875,135.1062774658203,-26.797306060791016,-47.87757110595703
1760565907502242600,1.35724267578125,135.32916259765625,-27.338603973388672,-47.38542175292969
1760565907512271600,1.367271728515625,135.39599609375,-27.76163101196289,-46.810791015625
1760565907522300400,1.377300537109375,135.4432373046875,-27.94632339477539,-46.462921142578125
1760565907532329500,1.38732958984375,135.48309326171875,-27.98050308227539,-45.95391082763672
1760565907542358500,1.397358642578125,135.5502166748047,-28.14718246459961,-45.840721130371094
1760565907552387600,1.4073876953125,135.64263916015625,-28.219890594482422,-45.663246154785156
1760565907562416600,1.417416748046875,135.75840759277344,-27.94888687133789,-45.414146423339844
1760565907572445700,1.42744580078125,135.56214904785156,-27.68703842163086,-45.747398376464844
1760565907582474500,1.437474609375,135.79710388183594,-27.24032211303711,-46.019737243652344
1760565907592503600,1.447503662109375,135.45228576660156,-26.89736557006836,-46.23600769042969
1760565907602532600,1.45753271484375,134.89576721191406,-26.07864761352539,-46.521507263183594
1760565907612561400,1.4675615234375,133.45701599121094,-24.852603912353516,-47.139137268066406
1760565907622590500,1.477590576171875,130.70858764648438,-23.112163543701172,-48.21625518798828
1760565907632619500,1.48761962890625,126.54124450683594,-20.950870513916016,-49.403350830078125
1760565907642648600,1.497648681640625,121.59575653076172,-18.454357147216797,-50.54734802246094
1760565907652677600,1.507677734375,116.51322174072266,-15.872650146484375,-51.669273376464844
1760565907662706700,1.517706787109375,111.55513763427734,-13.191329956054688,-52.433135986328125
1760565907672735500,1.527735595703125,107.02285766601562,-10.726428985595703,-52.726806640625
1760565907682764500,1.5377646484375,103.27088928222656,-8.804576873779297,-53.01068878173828
1760565907692793600,1.547793701171875,99.99266052246094,-7.211833953857422,-53.01045227050781
1760565907702821400,1.5578212890625,97.9692611694336,-5.848854064941406,-53.09856414794922
1760565907712850700,1.5678505859375,96.05390930175781,-4.513515472412109,-52.943389892578125
1760565907722879700,1.577879638671875,94.55470275878906,-3.4165687561035156,-52.35902404785156
1760565907732908500,1.587908447265625,93.40408325195312,-2.91864013671875,-51.968505859375
1760565907742937600,1.5979375,92.37117004394531,-2.9154701232910156,-51.50019073486328
1760565907752966700,1.607966552734375,91.26325225830078,-3.2896957397460938,-50.84136962890625
1760565907762995500,1.617995361328125,90.24720764160156,-3.2524871826171875,-50.57484436035156
1760565907773024500,1.6280244140625,89.955078125,-3.094738006591797,-50.145408630371094
1760565907783053600,1.638053466796875,88.92039489746094,-3.038532257080078,-49.68162536621094
1760565907793082400,1.648082275390625,87.82833862304688,-3.150981903076172,-49.37825012207031
1760565907803111700,1.658111572265625,87.35003662109375,-2.9986495971679688,-48.78965759277344
1760565907813140700,1.668140625,86.49104309082031,-3.021717071533203,-48.547157287597656
1760565907823169500,1.67816943359375,85.655517578125,-2.5951805114746094,-47.97291564941406
1760565907833198600,1.688198486328125,84.89301300048828,-2.5193138122558594,-47.74812316894531
1760565907843227600,1.6982275390625,84.02926635742188,-2.4141693115234375,-47.47736358642578
1760565907853256400,1.70825634765625,82.66291809082031,-2.216705322265625,-47.226966857910156
1760565907863285500,1.718285400390625,81.87625885009766,-1.7796249389648438,-46.691009521484375
1760565907873314600,1.728314453125,80.98777770996094,-1.3206863403320312,-46.53777313232422
1760565907883343400,1.73834326171875,80.39503479003906,-0.9384994506835938,-46.321678161621094
1760565907893372400,1.748372314453125,79.2825927734375,-0.8675918579101562,-46.07908630371094
1760565907903401700,1.758401611328125,78.22016143798828,-0.2821922302246094,-45.677734375
1760565907913430500,1.768430419921875,77.49385070800781,-0.20736312866210938,-45.39275360107422
1760565907923459600,1.77845947265625,76.59085083007812,0.16938018798828125,-45.227264404296875
1760565907933488600,1.788488525390625,76.12876892089844,0.08286666870117188,-44.84638214111328
1760565907943517400,1.798517333984375,75.3507080078125,0.4413642883300781,-44.64972686767578
1760565907953546500,1.80854638671875,74.82344055175781,0.31414794921875,-44.61375427246094
1760565907963575600,1.818575439453125,74.62306213378906,0.7160682678222656,-44.62397003173828
1760565907973604400,1.828604248046875,74.05429077148438,0.8212127685546875,-44.30567932128906
1760565907983633400,1.83863330078125,73.86500549316406,1.0899581909179688,-44.087989807128906
1760565907993662700,1.848662841796875,73.20024108886719,1.2225074768066406,-43.81568145751953
1760565908003690500,1.8586904296875,72.7194595336914,1.522796630859375,-43.949989318847656
1760565908013719600,1.868719482421875,71.85594177246094,1.4969711303710938,-44.03375244140625
1760565908023748600,1.87874853515625,71.522705078125,1.7684364318847656,-43.794219970703125
1760565908033777400,1.88877734375,70.45831298828125,2.0339126586914062,-43.65385437011719
1760565908043806500,1.898806396484375,70.04522705078125,2.2815170288085938,-43.56391906738281
1760565908053835500,1.90883544921875,69.61051940917969,2.3789291381835938,-43.49803924560547
1760565908063864600,1.918864501953125,69.00729370117188,2.535888671875,-43.55255889892578
1760565908073893600,1.9288935546875,67.83152770996094,2.789775848388672,-43.5224609375
1760565908083922700,1.938922607421875,67.23434448242188,3.1413536071777344,-43.514625549316406
1760565908093951500,1.948951416015625,65.89173126220703,3.6099510192871094,-43.365203857421875
1760565908103980500,1.95898046875,65.10057067871094,3.9459609985351562,-43.252586364746094
1760565908114009600,1.969009521484375,64.31464385986328,4.282508850097656,-43.27928161621094
1760565908124038400,1.979038330078125,63.64289093017578,5.027553558349609,-42.99286651611328
1760565908134067500,1.9890673828125,62.48407745361328,5.2320709228515625,-43.03911590576172
1760565908144096500,1.999096435546875,61.94422912597656,5.793220520019531,-43.09119415283203
1760565908154125600,2.00912548828125,61.07940673828125,6.238460540771484,-42.8006591796875
1760565908164154600,2.019154541015625,60.45335388183594,6.4127960205078125,-43.07176971435547
1760565908174183700,2.02918359375,59.49073028564453,6.141021728515625,-42.64330291748047
1760565908184212500,2.03921240234375,58.87928771972656,6.534633636474609,-42.70830535888672
1760565908194241500,2.049241455078125,58.650245666503906,6.398529052734375,-42.838417053222656
1760565908204270600,2.0592705078125,58.40850830078125,6.720161437988281,-42.58216094970703
1760565908214299400,2.06929931640625,58.213462829589844,6.349494934082031,-42.459571838378906
1760565908224328400,2.079328369140625,57.6729736328125,6.3989105224609375,-42.04615783691406
1760565908234357500,2.089357421875,57.58539581298828,6.467803955078125,-41.79936981201172
1760565908244386600,2.099386474609375,57.44408416748047,6.519275665283203,-41.62242889404297
1760565908254415600,2.10941552734375,57.325225830078125,6.319622039794922,-41.42109680175781
1760565908264444700,2.119444580078125,57.002647399902344,6.510307312011719,-41.211456298828125
1760565908274473500,2.129473388671875,56.539093017578125,6.598091125488281,-41.31468963623047
1760565908284502500,2.13950244140625,56.3704833984375,6.8418426513671875,-41.233482360839844
1760565908294531600,2.149531494140625,55.588890075683594,6.749931335449219,-41.19403839111328
1760565908304560400,2.159560302734375,55.0609130859375,6.98651123046875,-41.17327880859375
1760565908314589400,2.16958935546875,54.51716613769531,7.00274658203125,-40.97185516357422
1760565908324618800,2.17961865234375,54.09229278564453,7.030094146728516,-41.04180145263672
1760565908334647800,2.189647705078125,53.41802978515625,6.990196228027344,-40.968116760253906
1760565908344676000,2.199676025390625,52.998802185058594,7.059215545654297,-40.75517272949219
1760565908354705000,2.209704833984375,52.58868408203125,6.529937744140625,-40.83863830566406
1760565908364734000,2.21973388671875,52.25934600830078,6.565624237060547,-40.94024658203125
1760565908374763000,2.229762939453125,51.67243194580078,6.252494812011719,-40.71844482421875
1760565908384791800,2.239791748046875,51.677711486816406,6.257122039794922,-40.50873565673828
1760565908394820900,2.24982080078125,51.48060607910156,6.0947418212890625,-40.687164306640625
1760565908404850000,2.259849853515625,51.48432922363281,6.161365509033203,-40.64784240722656
1760565908414878700,2.269878662109375,51.563514709472656,5.901302337646484,-40.64495849609375
1760565908424908000,2.279907958984375,51.02134704589844,6.180908203125,-40.585487365722656
1760565908434937000,2.28993701171875,51.305809020996094,6.2817535400390625,-40.72430419921875
1760565908444966000,2.2999658203125,51.405181884765625,6.439361572265625,-40.84700012207031
1760565908454995000,2.309994873046875,51.51495361328125,6.2008514404296875,-40.780006408691406
1760565908465024000,2.32002392578125,51.18305206298828,6.4390411376953125,-40.891380310058594
1760565908475052800,2.330052734375,51.192138671875,6.842128753662109,-41.198394775390625
1760565908485081900,2.340081787109375,51.47254943847656,7.954551696777344,-41.01648712158203
1760565908495111000,2.35011083984375,51.93214416503906,9.175994873046875,-41.132530212402344
1760565908505139700,2.3601396484375,52.229148864746094,10.304363250732422,-41.402862548828125
1760565908515169000,2.3701689453125,52.30482482910156,10.163192749023438,-41.360511779785156
1760565908525198000,2.380197998046875,51.992958068847656,10.167747497558594,-41.369781494140625
1760565908535227000,2.390226806640625,51.576995849609375,10.285297393798828,-41.40013885498047
1760565908545256000,2.400255859375,51.94799041748047,10.189216613769531,-41.4267578125
1760565908555285000,2.410284912109375,51.68353271484375,10.418724060058594,-41.50044250488281
1760565908565313800,2.420313720703125,51.77307891845703,10.25722885131836,-41.384925842285156
1760565908575342800,2.4303427734375,51.90027618408203,10.104793548583984,-41.392921447753906
1760565908585372000,2.440371826171875,51.88720703125,10.061737060546875,-41.225074768066406
1760565908595400700,2.450400634765625,51.62443542480469,10.283313751220703,-41.073509216308594
1760565908605429800,2.4604296875,51.859840393066406,10.317272186279297,-41.367271423339844
1760565908615459000,2.470458984375,51.681556701660156,10.13698959350586,-41.43922424316406
1760565908625488000,2.48048779296875,51.817413330078125,10.21377944946289,-41.233970642089844
1760565908635517000,2.490516845703125,51.66387939453125,10.161884307861328,-41.32356262207031
1760565908645546000,2.5005458984375,52.12864685058594,10.157669067382812,-40.96931457519531
1760565908655574800,2.51057470703125,51.885406494140625,10.088584899902344,-41.09821319580078
1760565908665603800,2.520603759765625,51.85826873779297,10.128021240234375,-41.36083221435547
1760565908675633000,2.5306328125,51.84723663330078,10.188934326171875,-41.237823486328125
1760565908685661700,2.54066162109375,51.97807312011719,10.252216339111328,-41.004058837890625
1760565908695690000,2.55068994140625,51.946571350097656,10.099906921386719,-41.09142303466797
1760565908705719000,2.560718994140625,51.78306579589844,10.342750549316406,-41.10997772216797
1760565908715747800,2.570747802734375,51.8621826171875,10.39249038696289,-41.09114074707031
1760565908725777000,2.58077685546875,52.04840850830078,10.415489196777344,-41.33453369140625
1760565908735806000,2.590805908203125,52.04497528076172,10.529220581054688,-41.31104278564453
1760565908745834800,2.600834716796875,52.132049560546875,10.414474487304688,-41.149444580078125
1760565908755863800,2.61086376953125,51.98925018310547,10.216178894042969,-41.41020202636719
1760565908765892900,2.620892822265625,52.000709533691406,10.252952575683594,-41.198890686035156
1760565908775922000,2.630921875,51.83435821533203,10.276844024658203,-41.31745147705078
1760565908785951000,2.640950927734375,51.866661071777344,10.217906951904297,-41.13451385498047
1760565908795980000,2.65097998046875,51.89593505859375,10.240257263183594,-41.24597930908203
1760565908806008800,2.6610087890625,52.04957580566406,10.281681060791016,-41.25341796875
1760565908816038000,2.671037841796875,52.07341766357422,10.384380340576172,-41.356468200683594
1760565908826067000,2.68106689453125,51.72908020019531,10.32742691040039,-41.34718322753906
1760565908836095700,2.691095703125,51.72016143798828,10.298870086669922,-41.355384826660156
1760565908846124800,2.701124755859375,51.91184997558594,10.344078063964844,-41.291648864746094
1760565908856153900,2.71115380859375,52.00365447998047,10.08465576171875,-41.37720489501953
1760565908866183000,2.721182861328125,52.094947814941406,10.11380386352539,-41.22755432128906
1760565908876212000,2.7312119140625,51.928802490234375,10.247318267822266,-41.40376281738281
1760565908886241000,2.741240966796875,51.99859619140625,10.457965850830078,-41.259910583496094
1760565908896269800,2.751269775390625,51.919288635253906,10.307849884033203,-41.30609130859375
1760565908906299000,2.761298828125,52.16114044189453,10.258193969726562,-41.17543029785156
1760565908916328000,2.771327880859375,52.522850036621094,10.021427154541016,-41.294227600097656
1760565908926356700,2.781356689453125,52.48675537109375,10.077850341796875,-41.34523010253906
1760565908936385800,2.7913857421875,52.18196105957031,10.012126922607422,-41.33778381347656
1760565908946414800,2.801414794921875,52.347869873046875,10.097976684570312,-41.36647033691406
1760565908956444000,2.81144384765625,51.924354553222656,10.280036926269531,-41.32630157470703
1760565908966473000,2.821472900390625,51.881141662597656,10.344581604003906,-41.367393493652344
1760565908976502000,2.831501953125,51.62828826904297,10.19436264038086,-41.38286590576172
1760565908986531000,2.841531005859375,52.04785919189453,9.964618682861328,-41.10906219482422
1760565908996560000,2.851559814453125,51.798072814941406,9.821891784667969,-41.52024841308594
1760565909006589000,2.8615888671875,51.884544372558594,9.780254364013672,-41.13475036621094
1760565909016618000,2.871617919921875,52.063934326171875,9.428741455078125,-41.276702880859375
1760565909026646800,2.881646728515625,52.04417419433594,9.20248794555664,-40.87554168701172
1760565909036675800,2.89167578125,52.30345153808594,9.001995086669922,-40.83937072753906
1760565909046705000,2.901704833984375,52.049156188964844,9.015701293945312,-40.903533935546875
1760565909056734000,2.91173388671875,51.667625427246094,9.008399963378906,-40.90117645263672
1760565909066763000,2.921762939453125,51.67845153808594,9.22646713256836,-40.994903564453125
1760565909076792000,2.9317919921875,51.88441467285156,9.62173080444336,-41.25938415527344
1760565909086820900,2.94182080078125,51.69550323486328,9.779308319091797,-40.94635772705078
1760565909096849000,2.951848876953125,51.897193908691406,9.720836639404297,-41.10353088378906
1760565909106877700,2.961877685546875,51.86106872558594,9.829574584960938,-41.1866455078125
1760565909116907000,2.971906982421875,51.663917541503906,9.716999053955078,-41.01813507080078
1760565909126936000,2.98193603515625,52.09370422363281,10.01430892944336,-41.17449951171875
1760565909136964900,2.99196484375,51.896331787109375,10.027271270751953,-41.402076721191406
1760565909146994000,3.001993896484375,51.987144470214844,10.350318908691406,-41.15656280517578
1760565909157023000,3.01202294921875,51.99816131591797,10.314445495605469,-41.26984405517578
1760565909167052000,3.022052001953125,52.24946594238281,10.208393096923828,-41.153114318847656
1760565909177080800,3.032080810546875,52.36243438720703,10.471588134765625,-41.51664733886719
1760565909187110000,3.04210986328125,52.02983093261719,10.444168090820312,-41.39739227294922
1760565909197139000,3.052138916015625,51.837379455566406,10.38211441040039,-41.601966857910156
1760565909207167700,3.062167724609375,51.83503723144531,10.402156829833984,-41.252838134765625
1760565909217197000,3.072197021484375,51.60321807861328,9.96405029296875,-41.30084991455078
1760565909227226000,3.08222607421875,51.89366912841797,9.914657592773438,-41.16815185546875
1760565909237255000,3.0922548828125,51.81697082519531,9.736709594726562,-41.091094970703125
1760565909247284000,3.102283935546875,51.994781494140625,9.72726821899414,-40.86708068847656
1760565909257313000,3.11231298828125,51.96919250488281,9.470840454101562,-40.88276672363281
1760565909267341800,3.122341796875,51.881141662597656,9.198162078857422,-40.88634490966797
1760565909277371000,3.132370849609375,51.35625457763672,8.843429565429688,-40.96673583984375
1760565909287400000,3.14239990234375,51.54798126220703,8.582145690917969,-40.939842224121094
1760565909297428700,3.1524287109375,51.43279266357422,8.619575500488281,-41.039947509765625
1760565909307458000,3.1624580078125,51.537452697753906,8.771961212158203,-41.074859619140625
1760565909317487000,3.172487060546875,51.49517059326172,8.79775619506836,-41.395965576171875
1760565909327515600,3.182515625,51.48896789550781,9.221061706542969,-41.451148986816406
1760565909337544700,3.192544677734375,50.965187072753906,9.389537811279297,-41.82893371582031
1760565909347573500,3.202573486328125,51.065216064453125,9.679439544677734,-42.0965576171875
1760565909357602600,3.2126025390625,51.12725067138672,10.476104736328125,-42.19770812988281
1760565909367631600,3.222631591796875,51.351402282714844,10.820606231689453,-41.8316650390625
1760565909377660400,3.232660400390625,51.15770721435547,11.256229400634766,-42.25238037109375
1760565909387689500,3.242689453125,51.293182373046875,12.07647705078125,-42.50763702392578
1760565909397718800,3.25271875,51.253089904785156,12.715774536132812,-42.738922119140625
1760565909407747600,3.26274755859375,51.456993103027344,13.237693786621094,-42.95679473876953
1760565909417776600,3.272776611328125,52.07167053222656,13.879060745239258,-43.19080352783203
1760565909427805700,3.2828056640625,52.05827331542969,14.702827453613281,-43.54522705078125
1760565909437834500,3.29283447265625,52.286048889160156,15.464651107788086,-43.88739776611328
1760565909447863600,3.302863525390625,52.358985900878906,16.51137351989746,-44.26598358154297
1760565909457892600,3.312892578125,52.27867889404297,17.445465087890625,-44.6866455078125
1760565909467921700,3.322921630859375,52.20695495605469,18.592727661132812,-44.97257995605469
1760565909477950500,3.332950439453125,51.81849670410156,19.42369842529297,-45.63017272949219
1760565909487979800,3.342979736328125,51.92304992675781,20.73008918762207,-46.180335998535156
1760565909498008800,3.3530087890625,51.591026306152344,22.04771614074707,-46.809165954589844
1760565909508037600,3.36303759765625,50.909324645996094,23.742097854614258,-47.288787841796875
1760565909518066700,3.373066650390625,50.47389221191406,24.988771438598633,-48.09680938720703
1760565909528095700,3.383095703125,50.26557922363281,26.51014518737793,-48.45482635498047
1760565909538124500,3.39312451171875,49.43495178222656,27.98784637451172,-48.956398010253906
1760565909548153600,3.403153564453125,48.44770050048828,29.785293579101562,-49.29461669921875
1760565909558182700,3.4131826171875,47.69920349121094,31.07589340209961,-49.60242462158203
1760565909568211500,3.42321142578125,47.068748474121094,32.355712890625,-50.13139343261719
1760565909578239700,3.43323974609375,46.330841064453125,33.67609405517578,-50.504188537597656
1760565909588268500,3.4432685546875,46.22535705566406,34.709922790527344,-50.7247314453125
1760565909598297600,3.453297607421875,45.17474365234375,35.663639068603516,-50.975982666015625
1760565909608326700,3.46332666015625,43.71601104736328,37.587650299072266,-51.347198486328125
1760565909618355500,3.47335546875,43.36463165283203,38.44076919555664,-51.84449768066406
1760565909628384500,3.483384521484375,42.63964080810547,39.18304443359375,-51.7203369140625
1760565909638413600,3.49341357421875,41.951499938964844,39.96538543701172,-52.073951721191406
1760565909648442600,3.503442626953125,40.74668884277344,41.08795166015625,-51.9727783203125
1760565909658471700,3.5134716796875,40.3140869140625,42.30136489868164,-52.25537109375
1760565909668500700,3.523500732421875,39.385292053222656,43.71418762207031,-52.30480194091797
1760565909678529500,3.533529541015625,38.19996643066406,44.74653625488281,-52.65709686279297
1760565909688558600,3.54355859375,36.824607849121094,45.893592834472656,-52.60747528076172
1760565909698587600,3.553587646484375,35.976341247558594,47.154571533203125,-52.611053466796875
1760565909708616700,3.56361669921875,34.558929443359375,48.04338836669922,-52.63905334472656
1760565909718645500,3.5736455078125,33.44103240966797,48.77920913696289,-52.60859680175781
1760565909728674600,3.583674560546875,32.40669250488281,49.485450744628906,-52.57080841064453
1760565909738703600,3.59370361328125,31.501449584960938,50.28963088989258,-52.38982391357422
1760565909748732700,3.603732666015625,30.716445922851562,50.988853454589844,-52.41838836669922
1760565909758761700,3.61376171875,29.84801483154297,51.972686767578125,-52.338966369628906
1760565909768790800,3.623790771484375,28.42346954345703,52.51551818847656,-51.91346740722656
1760565909778819600,3.633819580078125,27.06865692138672,53.31879806518555,-51.61784362792969
1760565909788848600,3.6438486328125,25.797874450683594,54.13004684448242,-51.601524353027344
1760565909798877700,3.653877685546875,24.931838989257812,54.58425521850586,-51.13756561279297
1760565909808906500,3.663906494140625,24.19959259033203,55.420841217041016,-51.00616455078125
1760565909818935600,3.673935546875,23.060630798339844,55.97014617919922,-50.726768493652344
1760565909828964600,3.683964599609375,22.2589111328125,56.214508056640625,-50.55690002441406
1760565909838993700,3.69399365234375,21.5030517578125,56.72428894042969,-49.93843078613281
1760565909849022700,3.704022705078125,21.103408813476562,57.01293182373047,-49.53331756591797
1760565909859051800,3.7140517578125,19.920166015625,57.58149719238281,-49.32792663574219
1760565909869080600,3.72408056640625,19.35431671142578,57.870269775390625,-49.10295867919922
1760565909879109600,3.734109619140625,18.518661499023438,58.05427169799805,-49.10540008544922
1760565909889138700,3.744138671875,17.504249572753906,58.250221252441406,-48.68340301513672
1760565909899167500,3.75416748046875,17.221817016601562,58.59230422973633,-48.57286071777344
1760565909909196500,3.764196533203125,16.60265350341797,58.529502868652344,-48.04376220703125
1760565909919225600,3.7742255859375,16.12462615966797,58.82598114013672,-47.617591857910156
1760565909929254700,3.784254638671875,15.506401062011719,59.146121978759766,-47.340057373046875
1760565909939283700,3.79428369140625,14.248031616210938,59.34553527832031,-46.88251495361328
1760565909949312800,3.804312744140625,13.6343994140625,59.58353805541992,-46.477256774902344
1760565909959341600,3.814341552734375,13.125770568847656,59.639137268066406,-46.34593963623047
1760565909969370600,3.82437060546875,12.464996337890625,59.82219696044922,-45.6043701171875
1760565909979399700,3.834399658203125,11.396514892578125,60.09955978393555,-45.09956359863281
1760565909989428500,3.844428466796875,10.25030517578125,60.006591796875,-44.57975769042969
1760565909999457500,3.85445751953125,10.069374084472656,60.31758117675781,-43.910682678222656
1760565910009486600,3.864486572265625,9.392204284667969,60.48345184326172,-43.261383056640625
1760565910019515400,3.874515380859375,8.4339599609375,60.50745391845703,-42.56465148925781
1760565910029544700,3.884544677734375,7.644065856933594,60.61519241333008,-41.68463897705078
1760565910039573800,3.89457373046875,7.00079345703125,60.739471435546875,-40.92500305175781
1760565910049602600,3.9046025390625,6.3677520751953125,60.60675811767578,-40.1927490234375
1760565910059631600,3.914631591796875,5.918670654296875,60.670143127441406,-39.70702362060547
1760565910069660700,3.92466064453125,5.007820129394531,60.714569091796875,-39.04249572753906
1760565910079689500,3.934689453125,4.133903503417969,60.59230041503906,-38.230506896972656
1760565910089718500,3.944718505859375,3.561920166015625,60.58906173706055,-37.41748809814453
1760565910099747600,3.95474755859375,3.0127410888671875,60.457496643066406,-36.679908752441406
1760565910109776600,3.964776611328125,2.909454345703125,60.61199951171875,-36.104576110839844
1760565910119805700,3.9748056640625,2.652313232421875,60.562137603759766,-35.41081237792969
1760565910129834800,3.984834716796875,2.1410675048828125,60.50391387939453,-34.80260467529297
1760565910139863800,3.99486376953125,1.8046875,60.285308837890625,-34.199668884277344
1760565910149892600,4.004892578125,1.46856689453125,59.98419189453125,-33.45637512207031
1760565910159920600,4.014920654296875,1.0578155517578125,59.88161849975586,-32.97392272949219
1760565910169949400,4.024949462890625,0.719085693359375,59.94957733154297,-32.3458251953125
1760565910179978500,4.034978515625,0.749237060546875,59.90032196044922,-31.81958770751953
1760565910190007800,4.0450078125,0.4393157958984375,59.81241226196289,-31.289154052734375
1760565910200036600,4.05503662109375,0.03875732421875,59.666343688964844,-31.048107147216797
1760565910210065700,4.065065673828125,0.12109375,59.4748420715332,-30.646610260009766
1760565910220094700,4.0750947265625,0.09698486328125,59.49656677246094,-30.148937225341797
1760565910230123500,4.08512353515625,-0.687408447265625,59.20048522949219,-29.704254150390625
1760565910240152600,4.095152587890625,-0.6027679443359375,59.122764587402344,-29.64643096923828
1760565910250181600,4.105181640625,-0.5713348388671875,58.926177978515625,-29.404537200927734
1760565910260210400,4.11521044921875,-0.7331695556640625,58.88392639160156,-29.006324768066406
1760565910270239500,4.125239501953125,-0.599853515625,58.71092224121094,-28.419334411621094
1760565910280268500,4.1352685546875,-0.7852020263671875,58.726173400878906,-28.076797485351562
1760565910290297600,4.145297607421875,-0.790557861328125,58.49787521362305,-27.50543212890625
1760565910300326700,4.15532666015625,-0.8241119384765625,58.514854431152344,-27.23981475830078
1760565910310355700,4.165355712890625,-0.7414703369140625,58.42501449584961,-26.895965576171875
1760565910320384500,4.175384521484375,-0.5657196044921875,58.07215881347656,-26.1312255859375
1760565910330414000,4.1854140625,-1.286346435546875,57.9970703125,-25.656696319580078
1760565910340443100,4.195443115234375,-1.197723388671875,58.031089782714844,-25.4976806640625
1760565910350472000,4.205471923828125,-1.077178955078125,57.916175842285156,-25.063541412353516
1760565910360501000,4.2155009765625,-1.0861663818359375,57.77565002441406,-24.641372680664062
1760565910370530000,4.225530029296875,-1.258819580078125,57.59500503540039,-24.19690704345703
1760565910380558800,4.235558837890625,-1.1986846923828125,57.44153594970703,-23.69947052001953
1760565910390588200,4.245588134765625,-1.4081878662109375,57.176002502441406,-23.14453887939453
1760565910400617200,4.2556171875,-1.3863067626953125,57.03512954711914,-22.753753662109375
1760565910410646000,4.26564599609375,-1.4143218994140625,56.84010314941406,-22.236827850341797
1760565910420675000,4.275675048828125,-1.3848419189453125,57.06983184814453,-22.140464782714844
1760565910430704000,4.2857041015625,-1.621337890625,56.77299118041992,-21.692829132080078
1760565910440733000,4.29573291015625,-1.2095489501953125,56.72708511352539,-21.370468139648438
1760565910450762000,4.305761962890625,-1.47833251953125,56.6242790222168,-21.1424560546875
1760565910460791000,4.315791015625,-1.408050537109375,56.62964630126953,-20.833019256591797
1760565910470819800,4.32581982421875,-1.3394927978515625,56.71987533569336,-20.25018310546875
1760565910480849200,4.33584912109375,-1.3806304931640625,56.41456985473633,-19.905292510986328
1760565910490878200,4.345878173828125,-1.057098388671875,56.31846618652344,-19.61373519897461
1760565910500907000,4.355906982421875,-0.9371795654296875,56.4940185546875,-19.314311981201172
1760565910510936000,4.36593603515625,-1.3642425537109375,56.443023681640625,-18.943859100341797
1760565910520965000,4.375965087890625,-1.0556182861328125,56.06299591064453,-19.015491485595703
1760565910530994000,4.385993896484375,-0.6806793212890625,55.961029052734375,-18.56108856201172
1760565910541023000,4.39602294921875,-0.3577880859375,55.87854766845703,-18.33895492553711
1760565910551052000,4.406052001953125,-0.4251708984375,55.90437316894531,-17.86452865600586
1760565910561080800,4.416080810546875,-0.5835113525390625,55.66057586669922,-17.479293823242188
1760565910571110000,4.42610986328125,-0.543060302734375,55.554588317871094,-17.12311553955078
1760565910581139200,4.43613916015625,-0.1722259521484375,55.50928497314453,-16.800586700439453
1760565910591168000,4.44616796875,-0.385406494140625,55.52659606933594,-16.358673095703125
1760565910601197000,4.456197021484375,-0.4731292724609375,55.42911911010742,-15.860084533691406
1760565910611226000,4.46622607421875,-0.4192962646484375,55.443904876708984,-15.299236297607422
1760565910621255000,4.4762548828125,-0.0682525634765625,55.236778259277344,-14.85788345336914
1760565910631284000,4.486283935546875,0.305084228515625,55.17279815673828,-14.595470428466797
1760565910641313000,4.49631298828125,0.360382080078125,55.18014144897461,-14.012462615966797
1760565910651342000,4.506342041015625,0.594207763671875,55.025848388671875,-13.812397003173828
1760565910661371000,4.516370849609375,0.4302520751953125,54.89845275878906,-13.415618896484375
1760565910671400200,4.526400146484375,0.712127685546875,54.90386962890625,-12.74703598022461
1760565910681429200,4.53642919921875,0.9197540283203125,54.71493911743164,-12.26723861694336
1760565910691458000,4.5464580078125,1.4588165283203125,54.477081298828125,-11.953014373779297
1760565910701487000,4.556487060546875,1.9232635498046875,54.19069290161133,-11.468761444091797
1760565910711516200,4.56651611328125,2.300994873046875,54.52864074707031,-10.84783935546875
1760565910721545000,4.576544921875,2.48150634765625,54.44541931152344,-10.41256332397461
1760565910731574000,4.586573974609375,2.6791229248046875,54.16861343383789,-9.81747055053711
1760565910741603000,4.59660302734375,3.24053955078125,53.90700149536133,-9.389183044433594
1760565910751632000,4.6066318359375,3.5942840576171875,53.86603546142578,-8.918830871582031
1760565910761661000,4.616660888671875,3.720855712890625,53.57588577270508,-8.19149398803711
1760565910771690200,4.626690185546875,4.091194152832031,53.45001220703125,-7.805309295654297
1760565910781719000,4.636718994140625,4.54046630859375,53.342864990234375,-7.232124328613281
1760565910791748000,4.646748046875,4.799034118652344,52.9549560546875,-6.834133148193359
1760565910801777200,4.656777099609375,5.352882385253906,53.050048828125,-6.5509185791015625
1760565910811806000,4.666805908203125,5.502655029296875,52.938011169433594,-6.236473083496094
1760565910821835000,4.6768349609375,5.7281036376953125,52.80259704589844,-6.064365386962891
1760565910831864000,4.686864013671875,6.010955810546875,52.52713394165039,-5.557334899902344
1760565910841892900,4.696892822265625,6.4677276611328125,52.73501968383789,-5.336551666259766
1760565910851922000,4.706921875,6.661865234375,52.641578674316406,-4.781589508056641
1760565910861951200,4.716951171875,7.0041656494140625,52.47905731201172,-4.561378479003906
1760565910871980000,4.72697998046875,7.1966552734375,52.335304260253906,-3.951702117919922
1760565910882009000,4.737009033203125,7.634613037109375,52.441993713378906,-3.819599151611328
1760565910892038100,4.7470380859375,7.640663146972656,52.306434631347656,-3.495269775390625
1760565910902067000,4.75706689453125,7.989967346191406,52.272647857666016,-3.4079971313476562
1760565910912096000,4.767095947265625,8.24847412109375,51.98503112792969,-3.1604270935058594
1760565910922125000,4.777125,8.740303039550781,51.96230697631836,-2.9749984741210938
1760565910932153900,4.78715380859375,9.004783630371094,51.75508499145508,-2.6671066284179688
1760565910942182100,4.79718212890625,9.438545227050781,51.78193664550781,-2.6855926513671875
1760565910952211200,4.807211181640625,9.536399841308594,51.61753463745117,-2.210124969482422
1760565910962240000,4.817239990234375,9.751152038574219,51.493446350097656,-2.0863609313964844
1760565910972269000,4.82726904296875,10.016075134277344,51.517513275146484,-1.8521842956542969
1760565910982298000,4.837298095703125,10.594505310058594,51.445594787597656,-1.452301025390625
1760565910992327000,4.847326904296875,11.088417053222656,51.43475341796875,-1.2999343872070312
1760565911002356000,4.85735595703125,11.448410034179688,51.27776336669922,-1.0518531799316406
1760565911012385000,4.867385009765625,11.553848266601562,51.357086181640625,-0.9024429321289062
1760565911022414000,4.8774140625,12.080177307128906,51.37221908569336,-0.8183937072753906
1760565911032443100,4.887443115234375,12.627082824707031,51.30230712890625,-0.48580169677734375
1760565911042472200,4.89747216796875,12.9205322265625,51.21733856201172,-0.07948112487792969
1760565911052501000,4.9075009765625,13.551353454589844,51.12107849121094,0.2765312194824219
1760565911062530000,4.917530029296875,13.862312316894531,51.129966735839844,0.2627696990966797
1760565911072559000,4.92755908203125,14.639297485351562,51.02894592285156,0.6148014068603516
1760565911082588000,4.937587890625,15.005355834960938,51.016353607177734,0.7667350769042969
1760565911092617000,4.947616943359375,15.718963623046875,50.92136764526367,1.0555973052978516
1760565911102646000,4.95764599609375,16.415504455566406,50.62965393066406,1.4228267669677734
1760565911112675000,4.967675048828125,16.47089385986328,50.57965087890625,1.5993881225585938
1760565911122704100,4.9777041015625,17.226821899414062,50.590087890625,1.801656723022461
1760565911132733200,4.987733154296875,17.946807861328125,50.434059143066406,2.108316421508789
1760565911142762000,4.997761962890625,18.517662048339844,50.19609832763672,2.048992156982422
1760565911152791000,5.007791015625,19.276710510253906,50.28816223144531,2.303325653076172
1760565911162820000,5.017820068359375,20.04290771484375,50.30084991455078,2.4874038696289062
1760565911172849000,5.027848876953125,20.64842987060547,50.18009567260742,2.7258262634277344
1760565911182878000,5.0378779296875,21.133682250976562,50.3366584777832,2.6432933807373047
1760565911192907000,5.047906982421875,21.961090087890625,49.937374114990234,2.9098739624023438
1760565911202935800,5.057935791015625,22.39349365234375,50.00448989868164,2.895284652709961
1760565911212965000,5.067965087890625,22.949684143066406,49.89628982543945,3.084095001220703
1760565911222994200,5.077994140625,23.495689392089844,49.74583435058594,2.9844837188720703
1760565911233023000,5.08802294921875,24.13805389404297,50.1513786315918,3.133573532104492
1760565911243052000,5.098052001953125,24.833541870117188,49.782630920410156,3.2538700103759766
1760565911253081000,5.1080810546875,25.58135223388672,49.73291778564453,3.3991775512695312
1760565911263110000,5.11810986328125,26.016014099121094,49.609947204589844,3.3690338134765625
1760565911273139000,5.128138916015625,26.828475952148438,49.55515670776367,3.5539188385009766
1760565911283168000,5.13816796875,27.4322509765625,49.53400802612305,3.6288280487060547
1760565911293197000,5.148197021484375,27.915054321289062,49.491539001464844,3.618764877319336
1760565911303226000,5.15822607421875,28.099685668945312,49.4222297668457,3.4604568481445312
1760565911313255200,5.168255126953125,28.793975830078125,49.296138763427734,3.72686767578125
1760565911323284200,5.1782841796875,29.255462646484375,49.54010772705078,3.5581398010253906
1760565911333312500,5.1883125,29.91010284423828,49.45853042602539,3.7786178588867188
1760565911343341600,5.198341552734375,30.23272705078125,49.407169342041016,4.108711242675781
1760565911353370600,5.20837060546875,30.401748657226562,49.384769439697266,3.645660400390625
1760565911363399400,5.2183994140625,31.379348754882812,49.23976135253906,3.577577590942383
1760565911373428500,5.228428466796875,31.823509216308594,49.34930419921875,3.5741710662841797
1760565911383457500,5.23845751953125,32.20957946777344,49.1546630859375,3.3016109466552734
1760565911393486800,5.24848681640625,32.657470703125,49.21546936035156,3.354177474975586
1760565911403515600,5.258515625,33.368003845214844,49.4141845703125,3.297639846801758
1760565911413544700,5.268544677734375,33.99836730957031,49.373680114746094,3.110811233520508
1760565911423573800,5.27857373046875,35.23683166503906,49.2011833190918,3.005176544189453
1760565911433602600,5.2886025390625,35.88713836669922,49.03759002685547,2.481599807739258
1760565911443631600,5.298631591796875,37.09295654296875,49.116641998291016,2.2293949127197266
1760565911453660700,5.30866064453125,38.010040283203125,49.256813049316406,2.032594680786133
1760565911463689500,5.318689453125,38.88264465332031,49.119224548339844,1.7090873718261719
1760565911473718500,5.328718505859375,39.94309997558594,48.898040771484375,1.421661376953125
1760565911483747800,5.338747802734375,40.793785095214844,48.99805450439453,0.8221874237060547
1760565911493776600,5.348776611328125,41.560882568359375,48.95872116088867,0.30414772033691406
1760565911503805700,5.3588056640625,42.78569030761719,49.02429962158203,0.08974075317382812
1760565911513834800,5.368834716796875,43.579750061035156,48.982913970947266,-0.45413970947265625
1760565911523863600,5.378863525390625,43.841880798339844,48.864288330078125,-0.6628570556640625
1760565911533892600,5.388892578125,44.40570831298828,48.8630485534668,-0.9097862243652344
1760565911543921700,5.398921630859375,44.95367431640625,48.96062088012695,-1.5327110290527344
1760565911553950500,5.408950439453125,45.38935089111328,48.880226135253906,-1.5233383178710938
1760565911563979500,5.4189794921875,46.17021942138672,48.99010467529297,-1.7826957702636719
1760565911574008600,5.429008544921875,46.43876647949219,48.83142852783203,-2.302692413330078
1760565911584037600,5.43903759765625,47.05663299560547,48.899375915527344,-2.4603919982910156
1760565911594066700,5.449066650390625,47.704872131347656,48.71485900878906,-2.807342529296875
1760565911604095700,5.459095703125,48.30714416503906,48.49637985229492,-3.2823944091796875
1760565911614124500,5.46912451171875,48.83026885986328,48.55255889892578,-3.7110328674316406
1760565911624153600,5.479153564453125,49.148353576660156,48.67441177368164,-4.002082824707031
1760565911634182700,5.4891826171875,49.643028259277344,48.704158782958984,-4.197429656982422
1760565911644211500,5.49921142578125,49.95850372314453,48.760555267333984,-4.5433807373046875
1760565911654240500,5.509240478515625,50.860626220703125,48.67393112182617,-4.730926513671875
1760565911664269600,5.51926953125,51.020347595214844,48.58501434326172,-5.332767486572266
1760565911674298600,5.529298583984375,51.54277801513672,48.67725372314453,-5.7290496826171875
1760565911684327700,5.53932763671875,51.95965576171875,48.731502532958984,-6.117439270019531
1760565911694356700,5.549356689453125,52.71697235107422,48.609214782714844,-6.951557159423828
1760565911704385500,5.559385498046875,53.53717041015625,48.60530471801758,-7.758846282958984
1760565911714414600,5.56941455078125,54.22826385498047,48.49501037597656,-8.453926086425781
1760565911724443600,5.579443603515625,54.54297637939453,48.47834396362305,-8.89699935913086
1760565911734472400,5.589472412109375,55.02232360839844,48.330623626708984,-9.476737976074219
1760565911744501500,5.59950146484375,55.79545593261719,48.36595153808594,-10.206413269042969
1760565911754530600,5.609530517578125,56.3995361328125,48.313907623291016,-11.413127899169922
1760565911764559600,5.6195595703125,56.80632781982422,48.20008850097656,-12.080413818359375
1760565911774588700,5.629588623046875,57.709861755371094,48.116233825683594,-13.159439086914062
1760565911784617700,5.63961767578125,57.991455078125,48.07631301879883,-14.356510162353516
1760565911794646500,5.649646484375,58.74579620361328,48.020084381103516,-15.515262603759766
1760565911804675600,5.659675537109375,59.35099792480469,47.93817138671875,-16.20969009399414
1760565911814704600,5.66970458984375,59.87821960449219,48.06594467163086,-17.09442901611328
1760565911824733700,5.679733642578125,60.356895446777344,47.851375579833984,-18.066360473632812
1760565911834762500,5.689762451171875,60.8514404296875,47.779300689697266,-18.754405975341797
1760565911844791600,5.69979150390625,61.10423278808594,47.76536178588867,-19.596477508544922
1760565911854820600,5.709820556640625,61.32568359375,47.71732711791992,-20.649829864501953
1760565911864849700,5.719849609375,61.67649841308594,47.63701248168945,-21.74234390258789
1760565911874878700,5.729878662109375,62.2261962890625,47.354736328125,-22.27967071533203
1760565911884907800,5.73990771484375,62.18572998046875,47.27507400512695,-22.320392608642578
1760565911894936600,5.7499365234375,62.1815185546875,47.31247329711914,-22.653949737548828
1760565911904965600,5.759965576171875,61.76007080078125,47.26032638549805,-22.40312957763672
1760565911914994700,5.76999462890625,61.66041564941406,47.24552917480469,-22.51068878173828
1760565911925023500,5.7800234375,61.76732635498047,47.43792724609375,-22.722877502441406
1760565911935052500,5.790052490234375,61.87604522705078,47.29775619506836,-22.884220123291016
1760565911945081600,5.80008154296875,61.85773468017578,47.37177276611328,-22.838054656982422
1760565911955110700,5.810110595703125,61.46168518066406,47.52912521362305,-22.842609405517578
1760565911965139700,5.8201396484375,61.952781677246094,47.57319641113281,-22.905330657958984
1760565911975168800,5.830168701171875,61.87244415283203,47.67544937133789,-22.840240478515625
1760565911985197600,5.840197509765625,61.622039794921875,47.53717803955078,-22.882003784179688
1760565911995226600,5.8502265625,61.601768493652344,47.435733795166016,-22.633827209472656
1760565912005255700,5.860255615234375,61.70393371582031,47.41864013671875,-23.068965911865234
1760565912015284500,5.870284423828125,61.915794372558594,47.515403747558594,-22.918132781982422
1760565912025313500,5.8803134765625,61.709877014160156,47.557918548583984,-22.74005126953125
1760565912035342600,5.890342529296875,61.77106475830078,47.67832565307617,-22.736209869384766
1760565912045371600,5.90037158203125,61.96434783935547,47.713043212890625,-22.99453353881836
1760565912055400700,5.910400634765625,61.64727783203125,47.578582763671875,-23.032501220703125
1760565912065429800,5.9204296875,61.60541534423828,47.56651306152344,-23.05652618408203
1760565912075458600,5.93045849609375,61.71641540527344,47.516727447509766,-22.971595764160156
1760565912085487600,5.940487548828125,61.88746643066406,47.631683349609375,-22.746078491210938
1760565912095516700,5.9505166015625,61.77424621582031,47.753170013427734,-22.6568603515625
1760565912105545500,5.96054541015625,61.977928161621094,47.73566436767578,-22.603984832763672
1760565912115574500,5.970574462890625,61.745704650878906,47.7136116027832,-22.549068450927734
1760565912125603600,5.980603515625,61.770301818847656,47.61981964111328,-22.599403381347656
1760565912135632600,5.990632568359375,62.08412170410156,47.6378288269043,-22.593013763427734
1760565912145661700,6.00066162109375,62.0111083984375,47.73421096801758,-22.695648193359375
1760565912155690800,6.010690673828125,61.772987365722656,47.919281005859375,-22.656177520751953
1760565912165719600,6.020719482421875,61.591796875,47.734989166259766,-22.733272552490234
1760565912175748600,6.03074853515625,61.86921691894531,47.82219696044922,-22.68553924560547
1760565912185777700,6.040777587890625,61.87183380126953,47.696529388427734,-22.634620666503906
1760565912195806500,6.050806396484375,61.725921630859375,47.691959381103516,-22.967453002929688
1760565912205835500,6.06083544921875,61.800262451171875,47.57455825805664,-22.788028717041016
1760565912215864600,6.070864501953125,61.95637512207031,47.53045654296875,-22.609146118164062
1760565912225893600,6.0808935546875,61.94438934326172,47.69651412963867,-22.46422576904297
1760565912235922700,6.090922607421875,62.088768005371094,47.57392120361328,-22.409988403320312
1760565912245951700,6.10095166015625,61.8978271484375,47.671844482421875,-22.316272735595703
1760565912255980800,6.110980712890625,61.84600830078125,47.664424896240234,-22.328704833984375
1760565912266009600,6.121009521484375,61.920249938964844,47.65147399902344,-22.39020538330078
1760565912276038700,6.13103857421875,62.00249481201172,47.507144927978516,-22.237770080566406
1760565912286067700,6.141067626953125,62.022621154785156,47.46687698364258,-22.283721923828125
1760565912296096500,6.151096435546875,61.774986267089844,47.628990173339844,-22.237613677978516
1760565912306125600,6.16112548828125,61.75025939941406,47.46529006958008,-22.042224884033203
1760565912316154600,6.171154541015625,61.4217529296875,47.60488510131836,-22.33688735961914
1760565912326183700,6.18118359375,61.43444061279297,47.602237701416016,-22.213947296142578
1760565912336212200,6.191212158203125,61.63408660888672,47.70787048339844,-22.424819946289062
1760565912346241300,6.2012412109375,61.88128662109375,47.73150634765625,-22.381004333496094
1760565912356270000,6.21127001953125,61.812965393066406,47.61751174926758,-22.356643676757812
1760565912366299100,6.221299072265625,61.77720642089844,47.873329162597656,-22.21562957763672
1760565912376328200,6.231328125,61.802398681640625,47.52933120727539,-22.146808624267578
1760565912386357000,6.24135693359375,61.59942626953125,47.54498291015625,-22.386260986328125
1760565912396386000,6.251385986328125,61.66473388671875,47.67695999145508,-22.576961517333984
1760565912406415000,6.2614150390625,61.49510955810547,47.57518005371094,-22.32848358154297
1760565912416444200,6.271444091796875,61.87572479248047,47.57719039916992,-22.362285614013672
1760565912426473200,6.28147314453125,62.16112518310547,47.534767150878906,-22.371601104736328
1760565912436502300,6.291502197265625,62.09611511230469,47.58538055419922,-22.500484466552734
1760565912446531000,6.301531005859375,61.920005798339844,47.39873504638672,-22.45599365234375
1760565912456560000,6.31156005859375,62.104698181152344,47.41780471801758,-22.497966766357422
1760565912466589200,6.321589111328125,61.67974090576172,47.533897399902344,-22.562667846679688
1760565912476618000,6.331617919921875,62.06489562988281,47.387489318847656,-22.622631072998047
1760565912486647000,6.34164697265625,61.909339904785156,47.719200134277344,-22.499481201171875
1760565912496676000,6.351676025390625,61.87580108642578,47.63898849487305,-22.335960388183594
1760565912506705200,6.361705078125,61.723793029785156,47.72296905517578,-22.534976959228516
1760565912516734200,6.371734130859375,61.81786346435547,47.6674919128418,-22.533161163330078
1760565912526763300,6.38176318359375,61.95916748046875,47.456260681152344,-22.55929183959961
1760565912536792300,6.391792236328125,62.1739501953125,47.5279541015625,-22.215431213378906
1760565912546821000,6.401821044921875,62.10064697265625,47.808170318603516,-22.384197235107422
1760565912556850200,6.41185009765625,61.862648010253906,47.77288055419922,-22.318485260009766
1760565912566879200,6.421879150390625,62.53184509277344,47.63700485229492,-22.265636444091797
1760565912576908000,6.431907958984375,62.32188415527344,47.82131576538086,-22.512786865234375
1760565912586937000,6.44193701171875,62.25792694091797,47.725521087646484,-22.551300048828125
1760565912596966100,6.451966064453125,62.31809997558594,47.59253692626953,-22.470924377441406
1760565912606995200,6.4619951171875,62.08167266845703,47.745269775390625,-22.549774169921875
1760565912617024300,6.472024169921875,62.46796417236328,47.68138122558594,-22.81155014038086
1760565912627053300,6.48205322265625,62.33219909667969,47.73862838745117,-22.63565444946289
1760565912637082000,6.49208203125,62.08112335205078,47.94118118286133,-22.65932846069336
1760565912647111200,6.502111083984375,61.92144775390625,47.987342834472656,-22.29378890991211
1760565912657140200,6.51214013671875,61.91339111328125,47.74409866333008,-22.510005950927734
1760565912667169000,6.5221689453125,61.984474182128906,47.66363525390625,-22.444828033447266
1760565912677198000,6.532197998046875,61.91777038574219,47.65570068359375,-22.447750091552734
1760565912687227100,6.54222705078125,62.24799346923828,47.68193435668945,-22.552284240722656
1760565912697256200,6.552256103515625,62.346580505371094,47.64534378051758,-22.49227523803711
1760565912707285200,6.56228515625,62.36627960205078,47.54225158691406,-22.406585693359375
1760565912717314300,6.572314208984375,62.13911437988281,47.67133712768555,-22.679244995117188
1760565912727343000,6.582343017578125,62.36993408203125,47.53129959106445,-22.615081787109375
1760565912737372200,6.5923720703125,62.336029052734375,47.52740478515625,-22.82260513305664
1760565912747401200,6.602401123046875,62.350669860839844,47.33211898803711,-22.747379302978516
1760565912757430000,6.612429931640625,61.7647705078125,47.64683151245117,-22.500152587890625
1760565912767459000,6.622458984375,61.93333435058594,47.733314514160156,-22.65251922607422
1760565912777488100,6.632488037109375,61.71141052246094,47.56687545776367,-22.599048614501953
1760565912787517200,6.64251708984375,62.09619140625,47.515716552734375,-22.709102630615234
1760565912797546200,6.652546142578125,62.213287353515625,47.69453430175781,-22.487106323242188
1760565912807575300,6.6625751953125,62.225303649902344,47.616573333740234,-22.483360290527344
1760565912817604000,6.67260400390625,62.38264465332031,47.5639533996582,-22.510906219482422
1760565912827633200,6.682633056640625,62.243751525878906,47.36042404174805,-22.21271514892578
1760565912837662200,6.692662109375,62.39507293701172,47.46211242675781,-22.03063201904297
1760565912847691000,6.70269091796875,61.965576171875,47.509010314941406,-22.15777587890625
1760565912857720000,6.712719970703125,62.34666442871094,47.560455322265625,-22.429988861083984
1760565912867749000,6.7227490234375,61.8544921875,47.5744743347168,-22.21710968017578
1760565912877778200,6.732778076171875,61.92668914794922,47.433326721191406,-22.514259338378906
1760565912887807200,6.74280712890625,62.18785858154297,47.31446075439453,-22.64498519897461
1760565912897836300,6.752836181640625,62.32813262939453,47.5418586730957,-22.533775329589844
1760565912907865000,6.762864990234375,62.55329895019531,47.6727294921875,-22.4583740234375
1760565912917894100,6.77289404296875,62.31791687011719,47.46956253051758,-22.526020050048828
1760565912927923200,6.782923095703125,62.06909942626953,47.514034271240234,-22.597911834716797
1760565912937952300,6.7929521484375,62.29686737060547,47.43040084838867,-22.48114776611328
1760565912947981000,6.80298095703125,62.2392578125,47.62466812133789,-22.662433624267578
1760565912958010000,6.813010009765625,62.368927001953125,47.452491760253906,-22.60525131225586
1760565912968039200,6.8230390625,61.95079040527344,47.51891326904297,-22.573062896728516
1760565912978068200,6.833068115234375,62.10343933105469,47.26991653442383,-22.68167495727539
1760565912988097300,6.84309716796875,61.70359802246094,47.52887725830078,-22.49463653564453
1760565912998126300,6.853126220703125,61.838287353515625,47.553348541259766,-22.592830657958984
1760565913008155100,6.863155029296875,61.880523681640625,47.5523567199707,-22.577472686767578
1760565913018184200,6.87318408203125,61.905540466308594,47.43321990966797,-22.52349090576172
1760565913028213200,6.883213134765625,61.788047790527344,47.54852294921875,-22.423046112060547
1760565913038242000,6.893241943359375,61.757598876953125,47.448970794677734,-22.549686431884766
1760565913048271000,6.90327099609375,61.55389404296875,47.59958267211914,-22.632949829101562
1760565913058300200,6.913300048828125,61.718040466308594,47.56946563720703,-22.658939361572266
1760565913068329200,6.9233291015625,61.81117248535156,47.71626281738281,-22.544570922851562
1760565913078358300,6.933358154296875,62.06292724609375,47.507869720458984,-22.78913116455078
1760565913088387300,6.94338720703125,61.97418975830078,47.39631271362305,-23.002925872802734
1760565913098416000,6.953416015625,61.876068115234375,47.557186126708984,-22.865833282470703
1760565913108445200,6.963445068359375,61.974822998046875,47.61796188354492,-22.76056671142578
1760565913118474200,6.97347412109375,61.81128692626953,47.490379333496094,-22.794708251953125
1760565913128503000,6.9835029296875,61.80860900878906,47.548439025878906,-22.676738739013672
1760565913138532000,6.993531982421875,61.818206787109375,47.42961502075195,-22.624858856201172
1760565913148561200,7.00356103515625,61.67975616455078,47.41623306274414,-22.700279235839844
1760565913158590000,7.01358984375,61.776702880859375,47.317779541015625,-22.80474090576172
1760565913168619300,7.023619384765625,61.853919982910156,47.20212936401367,-22.78842544555664
1760565913178648300,7.0336484375,61.987037658691406,47.38954162597656,-22.497337341308594
1760565913188677000,7.043677001953125,61.815086364746094,47.55528259277344,-22.333866119384766
1760565913198706200,7.0537060546875,61.835426330566406,47.55040740966797,-22.53866958618164
1760565913208735200,7.0637353515625,61.744171142578125,47.58405685424805,-22.457813262939453
1760565913218764000,7.073763916015625,61.87998962402344,47.61750793457031,-22.469383239746094
1760565913228793000,7.08379296875,61.77460479736328,47.57722091674805,-22.601154327392578
1760565913238822100,7.093822265625,61.453086853027344,47.60020446777344,-22.498313903808594
1760565913248851000,7.103850830078125,61.42317199707031,47.53028106689453,-22.566478729248047
1760565913258880300,7.11388037109375,61.42765808105469,47.60053253173828,-22.751453399658203
1760565913268909300,7.123909423828125,61.43822479248047,47.72377014160156,-22.625774383544922
1760565913278938000,7.133938232421875,61.77983856201172,47.611358642578125,-22.699657440185547
1760565913288967200,7.14396728515625,61.58385467529297,47.65903091430664,-22.49030303955078
1760565913298996200,7.153996337890625,61.509056091308594,47.743980407714844,-22.591323852539062
1760565913309025000,7.16402490234375,61.9744873046875,47.763309478759766,-22.645957946777344
1760565913319054000,7.17405419921875,61.809730529785156,47.516597747802734,-22.55782699584961
1760565913329084000,7.184083984375,61.54087829589844,47.79637908935547,-22.479167938232422
1760565913339113000,7.194113037109375,61.42591857910156,47.71381759643555,-22.69671630859375
1760565913349142000,7.20414208984375,61.82568359375,47.83588409423828,-22.641883850097656
1760565913359170800,7.2141708984375,61.54119873046875,47.68558883666992,-22.900108337402344
1760565913369199900,7.224199951171875,61.507041931152344,47.672908782958984,-22.628643035888672
1760565913379229200,7.234229248046875,61.58289337158203,47.43611526489258,-22.828472137451172
1760565913389258000,7.244258056640625,62.12422180175781,47.34971618652344,-22.69259262084961
1760565913399287000,7.254287109375,61.637718200683594,47.536643981933594,-22.61878204345703
1760565913409316000,7.264316162109375,61.38153839111328,47.35926818847656,-22.506298065185547
1760565913419345000,7.274344970703125,61.6553955078125,47.48565673828125,-22.339744567871094
1760565913429374000,7.2843740234375,61.89820861816406,47.51016616821289,-22.4737548828125
1760565913439403000,7.294403076171875,61.86699676513672,47.44279098510742,-22.47081756591797
1760565913449431800,7.304431884765625,61.847618103027344,47.3961296081543,-22.565357208251953
1760565913459460900,7.3144609375,62.04656982421875,47.61031723022461,-22.636123657226562
1760565913469490200,7.324490234375,61.75035095214844,47.61380386352539,-22.849693298339844
1760565913479519000,7.33451904296875,61.36064910888672,47.620277404785156,-22.700847625732422
1760565913489548000,7.344548095703125,61.525489807128906,47.670040130615234,-22.667938232421875
1760565913499577000,7.3545771484375,61.740562438964844,47.55478286743164,-22.4857177734375
1760565913509606000,7.36460595703125,61.546600341796875,47.612823486328125,-22.216419219970703
1760565913519635000,7.374635009765625,61.72221374511719,47.63615417480469,-22.492382049560547
1760565913529664000,7.3846640625,61.7327880859375,47.58799362182617,-22.748485565185547
1760565913539692800,7.39469287109375,61.473838806152344,47.55083084106445,-22.91484832763672
1760565913549721900,7.404721923828125,61.774131774902344,47.57112503051758,-22.741531372070312
1760565913559751000,7.4147509765625,61.577842712402344,47.59541320800781,-22.58465576171875
1760565913569780200,7.4247802734375,61.77349853515625,47.488155364990234,-22.336261749267578
1760565913579809000,7.43480908203125,61.67317199707031,47.47700500488281,-22.432777404785156
1760565913589838000,7.444838134765625,61.73149871826172,47.34465026855469,-22.382156372070312
1760565913599867100,7.4548671875,62.014793395996094,47.29094696044922,-22.520397186279297
1760565913609896000,7.46489599609375,61.85066223144531,47.26664352416992,-22.42587661743164
1760565913619925000,7.474925048828125,62.121421813964844,47.44198226928711,-22.266433715820312
1760565913629954000,7.4849541015625,62.00724792480469,47.355621337890625,-22.18004608154297
1760565913639982800,7.49498291015625,62.328033447265625,47.41242980957031,-22.453746795654297
1760565913650012000,7.505011962890625,62.02997589111328,47.54093551635742,-22.71637725830078
1760565913660041200,7.515041259765625,61.76847839355469,47.331398010253906,-22.47454071044922
1760565913670070000,7.525070068359375,61.65485382080078,47.54427719116211,-22.707012176513672
1760565913680099000,7.53509912109375,61.978782653808594,47.57080841064453,-22.670074462890625
1760565913690128100,7.545128173828125,62.034141540527344,47.457366943359375,-22.419116973876953
1760565913700157000,7.555156982421875,62.256813049316406,47.36418914794922,-22.39501190185547
1760565913710186000,7.56518603515625,62.350196838378906,47.27667236328125,-22.1944580078125
1760565913720215000,7.575215087890625,62.191986083984375,47.398529052734375,-22.620685577392578
1760565913730243800,7.585243896484375,62.36479949951172,47.318397521972656,-22.645954132080078
1760565913740273000,7.59527294921875,62.26611328125,47.31856918334961,-22.73841094970703
1760565913750302000,7.605302001953125,62.29826354980469,47.287757873535156,-22.687156677246094
1760565913760331000,7.6153310546875,61.955078125,47.34825134277344,-22.66878890991211
1760565913770360000,7.625360107421875,62.163116455078125,47.305442810058594,-22.73446273803711
1760565913780389000,7.63538916015625,62.278564453125,47.25901412963867,-22.878719329833984
1760565913790418000,7.64541796875,62.009674072265625,47.27459716796875,-22.98965072631836
1760565913800447000,7.655447021484375,62.175567626953125,47.332237243652344,-22.99245834350586
1760565913810476000,7.66547607421875,62.40193176269531,47.548011779785156,-23.549461364746094
1760565913820504800,7.6755048828125,62.08289337158203,47.39634323120117,-23.663875579833984
1760565913830534000,7.685533935546875,62.313621520996094,47.29887008666992,-23.757057189941406
1760565913840563000,7.69556298828125,62.348243713378906,47.35601043701172,-23.94519805908203
1760565913850592000,7.705592041015625,62.44966125488281,47.4974250793457,-23.691089630126953
1760565913860621000,7.71562109375,62.25469207763672,47.221065521240234,-23.518394470214844
1760565913870650000,7.725650146484375,62.27165222167969,47.60752868652344,-23.867778778076172
1760565913880679000,7.735678955078125,62.287811279296875,47.3382453918457,-24.08867645263672
1760565913890708000,7.7457080078125,62.35205078125,47.34737014770508,-24.188278198242188
1760565913900737000,7.755737060546875,62.534339904785156,47.33695602416992,-24.315963745117188
1760565913910765800,7.765765869140625,62.29985809326172,47.53983688354492,-24.560165405273438
1760565913920795000,7.775794921875,62.485076904296875,47.345645904541016,-24.75647735595703
1760565913930824000,7.785823974609375,62.53649139404297,47.51313018798828,-25.091842651367188
1760565913940853000,7.79585302734375,62.597923278808594,47.70067596435547,-25.402172088623047
1760565913950882000,7.805882080078125,62.62416076660156,47.71354293823242,-25.7916259765625
1760565913960911000,7.8159111328125,62.512847900390625,47.806663513183594,-26.447940826416016
1760565913970940200,7.825940185546875,62.465362548828125,48.15300369262695,-26.765113830566406
1760565913980969000,7.835968994140625,62.51495361328125,47.74651336669922,-26.84869384765625
1760565913990998000,7.845998046875,62.302093505859375,47.772972106933594,-27.243995666503906
1760565914001027000,7.856027099609375,62.274200439453125,47.685062408447266,-27.81415557861328
1760565914011055900,7.866055908203125,62.240074157714844,47.878746032714844,-28.62348175048828
1760565914021085000,7.8760849609375,62.547760009765625,47.88435363769531,-29.01779556274414
1760565914031114000,7.886114013671875,62.68882751464844,47.65445327758789,-29.698089599609375
1760565914041143000,7.89614306640625,62.80095672607422,47.67781448364258,-30.072158813476562
1760565914051172000,7.906172119140625,62.71162414550781,48.001834869384766,-30.579402923583984
1760565914061201200,7.916201171875,62.73242950439453,47.98834228515625,-31.07019805908203
1760565914071230000,7.92622998046875,62.526283264160156,47.93769454956055,-31.297889709472656
1760565914081259000,7.936259033203125,62.71659851074219,47.98063278198242,-31.95523452758789
1760565914091288000,7.9462880859375,62.703529357910156,47.88957595825195,-32.40437316894531
1760565914101316900,7.95631689453125,62.42090606689453,48.025718688964844,-32.663848876953125
1760565914111346000,7.966345947265625,62.38121032714844,47.99189758300781,-33.18780517578125
1760565914121376000,7.9763759765625,62.586334228515625,48.02089309692383,-33.490386962890625
1760565914131404000,7.986404052734375,62.27983856201172,47.78083801269531,-33.944610595703125
1760565914141433900,7.996433837890625,62.36737823486328,47.80611038208008,-34.37748718261719
1760565914151463000,8.006462890625,62.668556213378906,48.01126480102539,-34.45294952392578
1760565914161491000,8.016490966796875,62.36370849609375,48.07999038696289,-35.350685119628906
1760565914171521000,8.02652099609375,62.242156982421875,47.99341583251953,-35.73622131347656
1760565914181550000,8.036550048828126,62.06439971923828,47.955894470214844,-35.99604034423828
1760565914191579100,8.0465791015625,62.24541473388672,47.994468688964844,-36.63825225830078
1760565914201608000,8.05660791015625,61.733489990234375,47.96762466430664,-37.15388488769531
1760565914211637000,8.066636962890625,62.24480438232422,48.09636688232422,-37.88848876953125
1760565914221666000,8.076666015625,61.888099670410156,48.075897216796875,-38.31874084472656
1760565914231694800,8.08669482421875,62.15116882324219,48.2786865234375,-39.02497100830078
1760565914241724000,8.096723876953124,61.63170623779297,48.15946578979492,-39.637176513671875
1760565914251753200,8.106753173828125,61.67359924316406,48.30073547363281,-40.28449249267578
1760565914261782000,8.116781982421875,61.194236755371094,48.32592010498047,-41.202903747558594
1760565914271811000,8.12681103515625,60.852439880371094,48.321529388427734,-41.78345489501953
1760565914281840000,8.136840087890626,60.62953186035156,48.48707580566406,-42.381813049316406
1760565914291869000,8.146868896484374,60.315338134765625,48.426395416259766,-43.19658660888672
1760565914301898000,8.15689794921875,60.13337707519531,48.71092224121094,-43.91175079345703
1760565914311927000,8.166927001953125,59.502174377441406,48.90106964111328,-44.58808898925781
1760565914321955800,8.176955810546875,59.127967834472656,48.92264938354492,-45.06237030029297
1760565914331984600,8.186984619140626,58.887359619140625,48.71127700805664,-45.83111572265625
1760565914342013700,8.197013671875,58.65709686279297,48.809391021728516,-46.73585510253906
1760565914352042800,8.207042724609375,58.139915466308594,49.04316711425781,-47.3946533203125
1760565914362071600,8.217071533203125,57.654029846191406,49.27124786376953,-48.114463806152344
1760565914372100600,8.2271005859375,57.07695007324219,49.15782928466797,-48.931968688964844
1760565914382129700,8.237129638671876,56.416770935058594,49.163272857666016,-49.62870788574219
1760565914392158500,8.247158447265624,55.98295593261719,49.210453033447266,-50.569175720214844
1760565914402187500,8.2571875,55.34443664550781,49.257850646972656,-51.180152893066406
1760565914412216600,8.267216552734375,54.802268981933594,49.1978874206543,-52.20134735107422
1760565914422245400,8.277245361328125,54.060325622558594,49.277217864990234,-53.01067352294922
1760565914432274700,8.287274658203126,53.06573486328125,49.19565963745117,-53.68199920654297
1760565914442303700,8.2973037109375,52.5498046875,49.267330169677734,-54.536399841308594
1760565914452332800,8.307332763671875,52.04863739013672,49.205780029296875,-55.30292510986328
1760565914462361600,8.317361572265625,51.22234344482422,49.330955505371094,-55.9232177734375
1760565914472390700,8.327390625,50.35053253173828,49.56639099121094,-56.78700256347656
1760565914482419700,8.337419677734376,49.165061950683594,49.63808822631836,-57.72920227050781
1760565914492448500,8.347448486328124,48.23479461669922,49.81411361694336,-58.65318298339844
1760565914502477600,8.3574775390625,47.257896423339844,49.82878875732422,-59.37962341308594
1760565914512506600,8.367506591796875,46.50531768798828,49.57284927368164,-59.981101989746094
1760565914522535700,8.37753564453125,45.552093505859375,49.750213623046875,-60.61573791503906
1760565914532564700,8.387564697265624,44.475494384765625,49.65550994873047,-61.28684997558594
1760565914542593800,8.39759375,43.78575897216797,49.71778106689453,-61.599769592285156
1760565914552622600,8.40762255859375,42.76970672607422,49.649497985839844,-62.23614501953125
1760565914562651600,8.417651611328125,41.896705627441406,49.840545654296875,-62.6920166015625
1760565914572680700,8.4276806640625,40.863182067871094,49.77975845336914,-63.20643615722656
1760565914582709500,8.43770947265625,39.76764678955078,50.08457565307617,-63.608070373535156
1760565914592738600,8.447738525390625,38.76387023925781,50.04899597167969,-64.09587860107422
1760565914602767600,8.457767578125,37.94049072265625,49.88667678833008,-64.80330657958984
1760565914612796700,8.467796630859375,37.04496765136719,49.79156494140625,-64.9996109008789
1760565914622825700,8.47782568359375,36.01738739013672,49.70879364013672,-64.92552947998047
1760565914632854800,8.487854736328124,35.17694091796875,49.747642517089844,-65.26140594482422
1760565914642883600,8.497883544921875,34.12907409667969,50.0171012878418,-65.74335479736328
1760565914652912600,8.50791259765625,33.87483215332031,50.00849533081055,-65.91231536865234
1760565914662941700,8.517941650390625,33.066741943359375,50.168277740478516,-65.89433288574219
1760565914672970500,8.527970458984376,32.631324768066406,49.9937744140625,-66.07579040527344
1760565914682999600,8.53799951171875,32.14093017578125,50.07647705078125,-66.15563201904297
1760565914693028600,8.548028564453125,31.303627014160156,49.79344940185547,-66.230224609375
1760565914703057400,8.558057373046875,31.018165588378906,49.83649826049805,-66.33822631835938
1760565914713086700,8.568086669921875,30.150238037109375,49.8165283203125,-66.80040740966797
1760565914723115800,8.57811572265625,29.801536560058594,49.89835739135742,-66.70677185058594
1760565914733144600,8.58814453125,29.572784423828125,49.83236312866211,-66.67301940917969
1760565914743173600,8.598173583984375,29.280494689941406,49.89000701904297,-66.97798156738281
1760565914753202700,8.60820263671875,28.37237548828125,49.962615966796875,-67.17069244384766
1760565914763231500,8.6182314453125,27.88988494873047,50.13528823852539,-67.23845672607422
1760565914773260500,8.628260498046876,27.687667846679688,49.87731170654297,-67.23517608642578
1760565914783289600,8.63828955078125,27.464370727539062,49.815948486328125,-67.231689453125
1760565914793318400,8.648318359375,26.485504150390625,49.81718444824219,-67.49474334716797
1760565914803347700,8.65834765625,25.97748565673828,49.91047668457031,-67.27030181884766
1760565914813376800,8.668376708984376,26.079620361328125,50.09450149536133,-67.32845306396484
1760565914823405600,8.678405517578126,25.15001678466797,50.11787414550781,-67.62116241455078
1760565914833434600,8.6884345703125,24.808242797851562,49.98994064331055,-67.55606842041016
1760565914843463700,8.698463623046875,24.46057891845703,49.92642593383789,-67.42705535888672
1760565914853492700,8.70849267578125,23.63965606689453,50.0494270324707,-67.61669158935547
1760565914863521500,8.718521484375,22.817596435546875,49.977577209472656,-67.40912628173828
1760565914873550600,8.728550537109374,22.58515167236328,49.88256072998047,-67.3462905883789
1760565914883579600,8.73857958984375,22.360321044921875,50.11969757080078,-67.29217529296875
1760565914893608400,8.7486083984375,21.737937927246094,50.360740661621094,-67.3011245727539
1760565914903637800,8.7586376953125,21.326812744140625,50.14360809326172,-67.45215606689453
1760565914913666800,8.768666748046876,20.823257446289062,49.872581481933594,-67.48041534423828
1760565914923696600,8.778696533203124,20.311691284179688,50.12282943725586,-67.39622497558594
1760565914933725700,8.7887255859375,19.641036987304688,49.85732650756836,-67.44373321533203
1760565914943754800,8.798754638671875,18.936660766601562,49.95058822631836,-67.41192626953125
1760565914953783600,8.808783447265625,18.030723571777344,49.89659118652344,-67.37604522705078
1760565914963812600,8.8188125,17.21019744873047,50.149417877197266,-67.3098373413086
1760565914973841700,8.828841552734374,17.269989013671875,50.20516586303711,-67.24592590332031
1760565914983870500,8.838870361328125,16.68718719482422,49.98719024658203,-66.83673858642578
1760565914993899500,8.8488994140625,16.030136108398438,49.7208366394043,-66.81254577636719
1760565915003928600,8.858928466796876,15.543022155761719,49.91130447387695,-66.5715103149414
1760565915013957600,8.86895751953125,14.758834838867188,49.868438720703125,-66.44686889648438
1760565915023986700,8.878986572265624,14.232192993164062,50.118797302246094,-66.27239990234375
1760565915034015700,8.889015625,13.378570556640625,49.922698974609375,-66.17613983154297
1760565915044044800,8.899044921875,12.781890869140625,50.060569763183594,-65.98619842529297
1760565915054073600,8.909073486328126,12.270225524902344,50.074703216552734,-65.96974182128906
1760565915064102700,8.9191025390625,11.50445556640625,50.224727630615234,-65.64969635009766
1760565915074131700,8.929131591796875,10.545486450195312,50.17112350463867,-65.9625015258789
1760565915084160500,8.939160400390625,9.981773376464844,50.1375617980957,-65.26578521728516
1760565915094189600,8.949189453125,9.303970336914062,50.074195861816406,-65.13603210449219
1760565915104218600,8.959218505859376,8.312164306640625,50.11904525756836,-64.8497085571289
1760565915114247700,8.96924755859375,7.8848114013671875,50.24492263793945,-64.42684936523438
1760565915124276700,8.97927685546875,7.2130279541015625,50.21647644042969,-64.11656951904297
1760565915134305800,8.989305908203125,6.623664855957031,50.30713653564453,-63.72857666015625
1760565915144334600,8.99933447265625,5.957344055175781,50.08782196044922,-63.642059326171875
1760565915154363600,9.00936376953125,5.4174346923828125,50.12175750732422,-63.13135528564453
1760565915164392700,9.019392822265624,5.0254669189453125,50.253021240234375,-62.86083984375
1760565915174421500,9.02942138671875,4.492218017578125,50.12815475463867,-62.715675354003906
1760565915184450600,9.039450439453125,4.164649963378906,50.23707962036133,-62.34180450439453
1760565915194479600,9.049479736328125,3.465850830078125,49.836124420166016,-62.33788299560547
1760565915204508400,9.05950830078125,3.0193939208984375,50.00453567504883,-62.05908203125
1760565915214537700,9.069537841796874,2.4703521728515625,49.97284698486328,-61.79454040527344
1760565915224566800,9.07956689453125,2.018218994140625,50.16564178466797,-61.59290313720703
1760565915234595600,9.089595703125,1.5536956787109375,50.07686996459961,-61.5006103515625
1760565915244624600,9.099624755859375,0.959808349609375,50.32394790649414,-61.08946228027344
1760565915254653700,9.10965380859375,0.8289947509765625,50.27958679199219,-60.9139404296875
1760565915264682500,9.1196826171875,0.900848388671875,50.285179138183594,-60.629066467285156
1760565915274711600,9.129711669921875,0.2197113037109375,49.92796325683594,-60.33252716064453
1760565915284740600,9.13974072265625,0.3170166015625,49.99905014038086,-60.114593505859375
1760565915294769400,9.149769287109375,0.122039794921875,49.883140563964844,-60.311126708984375
1760565915304798700,9.159798828125,-0.38397216796875,49.8511962890625,-59.95750427246094
1760565915314827800,9.169827880859375,-1.1705169677734375,49.82511901855469,-59.638519287109375
1760565915324856600,9.179856689453125,-1.07550048828125,50.145965576171875,-59.54822540283203
1760565915334885600,9.1898857421875,-1.404754638671875,49.99856948852539,-59.444488525390625
1760565915344914700,9.199914794921876,-1.472259521484375,50.0186882019043,-58.883819580078125
1760565915354943500,9.209943603515624,-2.4152984619140625,50.01626968383789,-58.395591735839844
1760565915364972500,9.21997265625,-2.290283203125,49.94792556762695,-58.146759033203125
1760565915375001600,9.230001708984375,-2.54827880859375,49.952598571777344,-57.73625183105469
1760565915385030400,9.240030517578125,-3.1685333251953125,49.93055725097656,-57.35304260253906
1760565915395059700,9.250059814453126,-3.766143798828125,49.89299774169922,-56.960205078125
1760565915405088800,9.2600888671875,-4.580841064453125,49.93101501464844,-56.535728454589844
1760565915415117600,9.27011767578125,-5.5070037841796875,50.313961029052734,-56.00251007080078
1760565915425146600,9.280146728515625,-5.9771270751953125,49.99140930175781,-55.077964782714844
1760565915435175700,9.29017578125,-6.3702545166015625,49.99671936035156,-54.63860321044922
1760565915445204700,9.300204833984376,-7.41448974609375,50.08926773071289,-54.05518341064453
1760565915455233500,9.310233642578124,-7.679779052734375,49.74858856201172,-53.050331115722656
1760565915465262600,9.3202626953125,-8.175567626953125,49.972679138183594,-52.30525207519531
1760565915475291600,9.330291748046875,-8.957473754882812,49.83089065551758,-51.74919128417969
1760565915485320400,9.340320556640625,-9.223419189453125,49.86281967163086,-51.20478820800781
1760565915495349800,9.350349853515626,-10.055007934570312,49.74117660522461,-50.391204833984375
1760565915505379600,9.360379638671875,-10.298797607421875,49.9613151550293,-49.844093322753906
1760565915515407600,9.37040771484375,-10.0556640625,49.91444778442383,-49.528221130371094
1760565915525437700,9.380437744140625,-10.362060546875,50.059654235839844,-48.93926239013672
1760565915535466800,9.390466796875,-10.772979736328125,50.10664367675781,-48.64628601074219
1760565915545495600,9.40049560546875,-10.788070678710938,50.10124206542969,-47.95683288574219
1760565915555524600,9.410524658203125,-11.354339599609375,50.17753601074219,-47.739280700683594
1760565915565553700,9.4205537109375,-11.535064697265625,50.14555358886719,-47.171051025390625
1760565915575582500,9.43058251953125,-11.866607666015625,50.175933837890625,-46.25035095214844
1760565915585611500,9.440611572265626,-12.163177490234375,50.49994659423828,-46.03990173339844
1760565915595640600,9.450640625,-12.58001708984375,50.2393798828125,-45.30303955078125
1760565915605669600,9.460669677734375,-12.802642822265625,50.5608024597168,-44.94934844970703
1760565915615698700,9.47069873046875,-13.002761840820312,50.704341888427734,-44.38024139404297
1760565915625727700,9.480727783203125,-13.152694702148438,50.657257080078125,-43.70118713378906
1760565915635756800,9.4907568359375,-13.719085693359375,50.54365539550781,-43.310386657714844
1760565915645785600,9.50078564453125,-13.631851196289062,50.77393341064453,-42.78398132324219
1760565915655814700,9.510814697265625,-14.1763916015625,50.77341842651367,-41.787559509277344
1760565915665843700,9.52084375,-14.200698852539062,50.6749267578125,-40.90094757080078
1760565915675872500,9.53087255859375,-14.616775512695312,50.47321319580078,-39.92376708984375
1760565915685901600,9.540901611328126,-15.035552978515625,50.568321228027344,-39.097808837890625
1760565915695930600,9.5509306640625,-15.254989624023438,50.78498840332031,-38.22816467285156
1760565915705959700,9.560959716796875,-15.184829711914062,50.606876373291016,-37.41191864013672
1760565915715988700,9.57098876953125,-15.157196044921875,50.78134536743164,-37.20165252685547
1760565915726017800,9.581017822265625,-15.269088745117188,50.739200592041016,-37.15338897705078
1760565915736046600,9.591046630859376,-15.44384765625,50.76166534423828,-37.366790771484375
1760565915746075600,9.60107568359375,-15.385101318359375,50.6787109375,-37.238487243652344
1760565915756104700,9.611104736328125,-15.187164306640625,50.45750045776367,-37.45161437988281
1760565915766133500,9.621133544921875,-15.247940063476562,50.43144989013672,-37.44159698486328
1760565915776162600,9.63116259765625,-15.866409301757812,50.46268844604492,-37.359710693359375
1760565915786191600,9.641191650390626,-15.33770751953125,50.65740203857422,-37.12495422363281
1760565915796220400,9.651220458984374,-15.192367553710938,50.31919860839844,-37.21868133544922
1760565915806249700,9.661249755859375,-15.600265502929688,50.1688346862793,-37.09526062011719
1760565915816278800,9.67127880859375,-15.412551879882812,50.233856201171875,-37.01554870605469
1760565915826307600,9.6813076171875,-15.337173461914062,50.171756744384766,-36.86912536621094
1760565915836336600,9.691336669921874,-15.39276123046875,50.38600540161133,-36.69557189941406
1760565915846365700,9.70136572265625,-15.2236328125,50.318031311035156,-36.65960693359375
1760565915856394500,9.71139453125,-15.3148193359375,50.203269958496094,-36.74596405029297
1760565915866423600,9.721423583984375,-15.219680786132812,50.52002716064453,-36.944664001464844
1760565915876452600,9.73145263671875,-14.89227294921875,50.48912048339844,-36.95146179199219
1760565915886481400,9.7414814453125,-14.971694946289062,50.61228942871094,-37.04265594482422
1760565915896510700,9.7515107421875,-15.08984375,50.541358947753906,-36.785545349121094
1760565915906539800,9.761539794921875,-14.805938720703125,50.77703094482422,-36.658836364746094
1760565915916568600,9.771568603515625,-14.554473876953125,50.5035400390625,-36.47809600830078
1760565915926597600,9.78159765625,-14.695098876953125,50.66511154174805,-36.308128356933594
1760565915936626700,9.791626708984374,-14.643524169921875,50.49751281738281,-36.37608337402344
1760565915946655500,9.801655517578125,-14.547119140625,50.805606842041016,-36.33985137939453
1760565915956684500,9.8116845703125,-14.931686401367188,50.69032287597656,-36.34754943847656
1760565915966713600,9.821713623046875,-15.13525390625,50.6926383972168,-36.155517578125
1760565915976742400,9.831742431640626,-15.505584716796875,50.55205535888672,-36.04938507080078
1760565915986771500,9.841771484375,-15.195159912109375,50.532588958740234,-36.161521911621094
1760565915996800800,9.85180078125,-15.058822631835938,50.75489807128906,-36.123191833496094
1760565916006829800,9.861829833984375,-14.685699462890625,50.64972686767578,-36.12926483154297
1760565916016858600,9.871858642578125,-14.564620971679688,50.688987731933594,-36.17637634277344
1760565916026888700,9.881888671875,-14.743484497070312,50.65834426879883,-36.201866149902344
1760565916036917800,9.891917724609375,-15.3553466796875,50.50392532348633,-36.12998962402344
1760565916046946600,9.901946533203125,-15.443679809570312,50.53009033203125,-36.34913635253906
1760565916056975600,9.9119755859375,-15.293670654296875,50.60365676879883,-36.15404510498047
1760565916067004700,9.922004638671876,-14.9346923828125,50.63005065917969,-36.2669677734375
1760565916077033500,9.932033447265624,-15.104446411132812,50.82183837890625,-36.11541748046875
1760565916087062500,9.9420625,-14.973953247070312,50.71649169921875,-36.006195068359375
1760565916097091600,9.952091552734375,-14.966766357421875,50.62099075317383,-36.136497497558594
1760565916107120600,9.96212060546875,-14.83111572265625,50.7224006652832,-36.30101776123047
1760565916117149700,9.972149658203126,-15.1319580078125,50.50773620605469,-36.33885955810547
1760565916127178800,9.9821787109375,-15.00421142578125,50.86187744140625,-36.21607208251953
1760565916137207600,9.99220751953125,-15.030059814453125,50.648372650146484,-36.23748016357422
1760565916147236600,10.002236572265625,-14.9908447265625,50.38530349731445,-36.16051483154297
1760565916157265700,10.012265625,-14.917190551757812,50.54079055786133,-36.01958465576172
1760565916167294500,10.02229443359375,-14.787872314453125,50.68901824951172,-35.83190155029297
1760565916177323500,10.032323486328124,-14.912734985351562,50.83143615722656,-36.112632751464844
1760565916187352600,10.0423525390625,-15.3448486328125,50.98421859741211,-35.91169738769531
1760565916197381600,10.052381591796875,-15.49249267578125,50.5694580078125,-36.16358184814453
1760565916207410700,10.06241064453125,-15.196090698242188,50.68767166137695,-36.140159606933594
1760565916217439700,10.072439697265626,-15.371963500976562,50.351478576660156,-36.005088806152344
1760565916227468800,10.08246875,-15.440948486328125,50.26579666137695,-36.46327209472656
1760565916237497600,10.09249755859375,-15.091873168945312,50.094905853271484,-36.13142395019531
1760565916247526700,10.102526611328125,-15.11456298828125,50.32125473022461,-36.18470764160156
1760565916257555700,10.1125556640625,-15.304779052734375,50.21988296508789,-35.91448974609375
1760565916267584500,10.12258447265625,-15.325653076171875,50.039451599121094,-36.112098693847656
1760565916277613600,10.132613525390624,-15.230361938476562,50.22249984741211,-36.09120178222656
1760565916287642600,10.142642578125,-15.323822021484375,50.386539459228516,-36.19329833984375
1760565916297671700,10.152671630859375,-15.141815185546875,50.327919006347656,-35.990013122558594
1760565916307700700,10.16270068359375,-15.46343994140625,50.31942367553711,-36.03910827636719
1760565916317729800,10.172729736328124,-15.3017578125,50.35402297973633,-36.11512756347656
1760565916327758600,10.182758544921874,-15.057525634765625,50.46845626831055,-36.11365509033203
1760565916337788000,10.192787841796875,-15.125091552734375,50.27787780761719,-36.327392578125
1760565916347816700,10.202816650390625,-14.786361694335938,50.31718826293945,-36.35154724121094
1760565916357845800,10.212845703125,-15.241775512695312,50.16974639892578,-36.39916229248047
1760565916367874800,10.222874755859374,-15.212371826171875,50.05908966064453,-36.00526428222656
1760565916377903600,10.232903564453125,-14.819686889648438,50.32254409790039,-35.855384826660156
1760565916387932700,10.2429326171875,-14.908843994140625,50.33443069458008,-36.07069396972656
1760565916397961700,10.252961669921875,-15.208328247070312,50.38745880126953,-36.153076171875
1760565916407990800,10.26299072265625,-15.53643798828125,50.47880554199219,-36.12939453125
1760565916418019800,10.273019775390624,-15.346603393554688,50.414405822753906,-36.13246154785156
1760565916428049000,10.283048828125,-15.486740112304688,50.31699752807617,-36.28999328613281
1760565916438077700,10.29307763671875,-15.100860595703125,50.22737121582031,-36.075233459472656
1760565916448106800,10.303106689453125,-15.464447021484375,50.338478088378906,-36.28789520263672
1760565916458135800,10.3131357421875,-15.114990234375,50.380577087402344,-36.116180419921875
1760565916468164600,10.32316455078125,-15.123291015625,50.145423889160156,-36.027862548828125
1760565916478193700,10.333193603515625,-15.3916015625,50.40049362182617,-36.25880432128906
1760565916488223700,10.3432236328125,-14.769088745117188,50.34538269042969,-36.18634033203125
1760565916498251800,10.353251708984375,-14.9521484375,50.36848449707031,-36.14093017578125
1760565916508281600,10.363281494140624,-15.228256225585938,50.34306335449219,-36.211204528808594
1760565916518311000,10.373310791015625,-15.323867797851562,50.465850830078125,-36.40205383300781
1760565916528340000,10.383340087890625,-15.537521362304688,50.37223815917969,-35.966461181640625
1760565916538368800,10.39336865234375,-15.442611694335938,50.4332389831543,-36.435272216796875
1760565916548397800,10.403397705078126,-15.646530151367188,50.16691589355469,-36.462432861328125
1760565916558427000,10.413427001953124,-15.513427734375,50.21454620361328,-36.32592010498047
1760565916568455700,10.42345556640625,-15.59100341796875,50.012969970703125,-36.238861083984375
1760565916578484700,10.433484619140625,-15.65557861328125,49.78911590576172,-36.29279327392578
1760565916588513800,10.443513671875,-15.785995483398438,49.5377197265625,-36.2725830078125
1760565916598542600,10.45354248046875,-16.023117065429688,49.4623908996582,-36.417755126953125
1760565916608571600,10.463571533203124,-15.988449096679688,49.54903030395508,-36.307960510253906
1760565916618601000,10.47360107421875,-15.890029907226562,49.568580627441406,-36.53734588623047
1760565916628629800,10.483629638671875,-15.8292236328125,49.56132888793945,-36.4649658203125
1760565916638658800,10.493658935546875,-15.449554443359375,49.57020568847656,-36.324554443359375
1760565916648687900,10.50368798828125,-15.569656372070312,49.82880783081055,-36.252410888671875
